{
  "name": "2. BY ECU",
  "path": "-DAMOS-\\CAR\\2. BY ECU",
  "type": "folder",
  "item_count": 4,
  "items": [
    {
      "name": "MED17",
      "type": "folder",
      "has_children": true,
      "item_count": 18,
      "depth": 3
    },
    {
      "name": "MEVD17",
      "type": "folder",
      "has_children": true,
      "item_count": 10,
      "depth": 3
    },
    {
      "name": "MG1",
      "type": "folder",
      "has_children": true,
      "item_count": 20,
      "depth": 3
    },
    {
      "name": "Simos",
      "type": "folder",
      "has_children": true,
      "item_count": 52,
      "depth": 3
    }
  ],
  "depth": 2
}