{
  "name": "3. ALL",
  "path": "-DAMOS-\\CAR\\3. ALL",
  "type": "folder",
  "item_count": 31,
  "items": [
    {
      "name": "A8AX_170320_083851_M_7121BDA90_1",
      "type": "folder",
      "has_children": false,
      "item_count": 3,
      "depth": 3
    },
    {
      "name": "A8AX_170405_085003_G_7141VAA90_1",
      "type": "folder",
      "has_children": false,
      "item_count": 6,
      "depth": 3
    },
    {
      "name": "A8AX_170406_162113_Q_AJOM0115_04",
      "type": "folder",
      "has_children": false,
      "item_count": 3,
      "depth": 3
    },
    {
      "name": "A8AX_170407_150630_M_7142VAA90_2",
      "type": "folder",
      "has_children": true,
      "item_count": 1,
      "depth": 3
    },
    {
      "name": "EDC 16 17",
      "type": "folder",
      "has_children": true,
      "item_count": 10,
      "depth": 3
    },
    {
      "name": "EMS3.71_1.4TCE_130HP_8320069761_D0549R",
      "type": "folder",
      "has_children": false,
      "item_count": 1,
      "depth": 3
    },
    {
      "name": "Immo EA890 SC_4_Get",
      "type": "folder",
      "has_children": true,
      "item_count": 2,
      "depth": 3
    },
    {
      "name": "jim2 - astraJvxr Delco e39 280hp",
      "type": "folder",
      "has_children": false,
      "item_count": 2,
      "depth": 3
    },
    {
      "name": "Lamborghini Gallardo  400907552   400036 Original",
      "type": "folder",
      "has_children": false,
      "item_count": 1,
      "depth": 3
    },
    {
      "name": "MDG1 MA6F5R4000000 Allrad_Front",
      "type": "folder",
      "has_children": false,
      "item_count": 2,
      "depth": 3
    },
    {
      "name": "MDG1_ C1483MA6F5",
      "type": "folder",
      "has_children": false,
      "item_count": 2,
      "depth": 3
    },
    {
      "name": "mdj9 hex + a2l",
      "type": "folder",
      "has_children": false,
      "item_count": 0,
      "depth": 3
    },
    {
      "name": "ME9 N40",
      "type": "folder",
      "has_children": true,
      "item_count": 3,
      "depth": 3
    },
    {
      "name": "med7.9.10 idle increased",
      "type": "folder",
      "has_children": false,
      "item_count": 0,
      "depth": 3
    },
    {
      "name": "MM8GMK_50053316_SW_894188AG_HW681_s19(Damos)",
      "type": "folder",
      "has_children": false,
      "item_count": 1,
      "depth": 3
    },
    {
      "name": "ODX_SGO_Generierung",
      "type": "folder",
      "has_children": true,
      "item_count": 8,
      "depth": 3
    },
    {
      "name": "RE360050G54",
      "type": "folder",
      "has_children": false,
      "item_count": 2,
      "depth": 3
    },
    {
      "name": "re_damos18102017",
      "type": "folder",
      "has_children": true,
      "item_count": 4,
      "depth": 3
    },
    {
      "name": "SC800H5100000 5G0906259B 0002 Simos 18.1 2.0l TFSI Golf 7R kp",
      "type": "folder",
      "has_children": false,
      "item_count": 3,
      "depth": 3
    },
    {
      "name": "SCG700",
      "type": "folder",
      "has_children": false,
      "item_count": 3,
      "depth": 3
    },
    {
      "name": "SCM7C1_C1",
      "type": "folder",
      "has_children": false,
      "item_count": 2,
      "depth": 3
    },
    {
      "name": "SCM900_C2",
      "type": "folder",
      "has_children": true,
      "item_count": 18,
      "depth": 3
    },
    {
      "name": "SCM900_C2_OEM_20T_AL",
      "type": "folder",
      "has_children": false,
      "item_count": 6,
      "depth": 3
    },
    {
      "name": "SGE(3cylinder delco e39a)e39 12653997 12655148",
      "type": "folder",
      "has_children": false,
      "item_count": 2,
      "depth": 3
    },
    {
      "name": "Templates",
      "type": "folder",
      "has_children": true,
      "item_count": 1,
      "depth": 3
    },
    {
      "name": "Toolchain_MDG1_V1_11",
      "type": "folder",
      "has_children": true,
      "item_count": 7,
      "depth": 3
    },
    {
      "name": "unknown",
      "type": "folder",
      "has_children": false,
      "item_count": 2,
      "depth": 3
    },
    {
      "name": "V6TFSI",
      "type": "folder",
      "has_children": false,
      "item_count": 2,
      "depth": 3
    },
    {
      "name": "Valeo VD46_1.2T a2l+hex",
      "type": "folder",
      "has_children": false,
      "item_count": 2,
      "depth": 3
    },
    {
      "name": "Valeo VD46_1.2T hex + a2l",
      "type": "folder",
      "has_children": false,
      "item_count": 2,
      "depth": 3
    },
    {
      "name": "W01400A(1)",
      "type": "folder",
      "has_children": false,
      "item_count": 1,
      "depth": 3
    }
  ],
  "depth": 2
}