{
  "name": "AAL",
  "path": "- ECFG ECM -\\CM850\\AAL",
  "type": "folder",
  "item_count": 4,
  "items": [
    {
      "name": "AAL_CM850_15.0.2.12_2006-12-05.ecfg",
      "type": "file",
      "size": 6790401,
      "modified": 1172607638.0,
      "extension": ".ecfg"
    },
    {
      "name": "AAL_CM850_18.0.8.2_2007-05-14.ecfg",
      "type": "file",
      "size": 7466169,
      "modified": 1411315212.0,
      "extension": ".ecfg"
    },
    {
      "name": "AAL_CM850_19.0.0.13_2008-08-20.ecfg",
      "type": "file",
      "size": 7657441,
      "modified": 1411306540.0,
      "extension": ".ecfg"
    },
    {
      "name": "AAL_CM850_19.0.0.22_2012-11-13.ecfg",
      "type": "file",
      "size": 8059294,
      "modified": 1411306536.0,
      "extension": ".ecfg"
    }
  ],
  "depth": 2
}