{
  "name": "AAM",
  "path": "- ECFG ECM -\\CM850\\AAM",
  "type": "folder",
  "item_count": 4,
  "items": [
    {
      "name": "AAM_CM850_15.0.2.10_2006-06-15.ecfg",
      "type": "file",
      "size": 2460628,
      "modified": 1172607646.0,
      "extension": ".ecfg"
    },
    {
      "name": "AAM_CM850_18.0.8.2_2007-05-14.ecfg",
      "type": "file",
      "size": 2722855,
      "modified": 1411315250.0,
      "extension": ".ecfg"
    },
    {
      "name": "AAM_CM850_19.0.0.13_2008-08-20.ecfg",
      "type": "file",
      "size": 2854585,
      "modified": 1411310228.0,
      "extension": ".ecfg"
    },
    {
      "name": "AAM_CM850_19.0.0.22_2012-11-13.ecfg",
      "type": "file",
      "size": 2973329,
      "modified": 1411310228.0,
      "extension": ".ecfg"
    }
  ],
  "depth": 2
}