{
  "name": "AAN",
  "path": "- ECFG ECM -\\CM850\\AAN",
  "type": "folder",
  "item_count": 8,
  "items": [
    {
      "name": "AAN_CM850_12.0.2.1_2005-04-11.ecfg",
      "type": "file",
      "size": 5722636,
      "modified": 1411351298.0,
      "extension": ".ecfg"
    },
    {
      "name": "AAN_CM850_13.0.0.20_2005-06-09.ecfg",
      "type": "file",
      "size": 6081055,
      "modified": 1212446614.0,
      "extension": ".ecfg"
    },
    {
      "name": "AAN_CM850_18.0.7.2_2007-01-24.ecfg",
      "type": "file",
      "size": 7208571,
      "modified": 1411351318.0,
      "extension": ".ecfg"
    },
    {
      "name": "AAN_CM850_18.0.8.2_2007-05-14.ecfg",
      "type": "file",
      "size": 7260081,
      "modified": 1192713356.0,
      "extension": ".ecfg"
    },
    {
      "name": "AAN_CM850_19.0.0.13_2008-08-20.ecfg",
      "type": "file",
      "size": 7657441,
      "modified": 1411306690.0,
      "extension": ".ecfg"
    },
    {
      "name": "AAN_CM850_19.0.0.22_2012-11-13.ecfg",
      "type": "file",
      "size": 7837491,
      "modified": 1411306682.0,
      "extension": ".ecfg"
    },
    {
      "name": "AAN_CM850_19.0.0.25_2013-05-15.ecfg",
      "type": "file",
      "size": 7864167,
      "modified": 1411306842.0,
      "extension": ".ecfg"
    },
    {
      "name": "AAN_CM850_19.0.20.25_2014-04-08.ecfg",
      "type": "file",
      "size": 7873930,
      "modified": 1411688354.0,
      "extension": ".ecfg"
    }
  ],
  "depth": 2
}