{
  "name": "AAO",
  "path": "- ECFG ECM -\\CM850\\AAO",
  "type": "folder",
  "item_count": 7,
  "items": [
    {
      "name": "AAO_CM850_12.0.1.2_2005-02-09.ecfg",
      "type": "file",
      "size": 1727342,
      "modified": 1411351524.0,
      "extension": ".ecfg"
    },
    {
      "name": "AAO_CM850_15.0.2.10_2006-06-15.ecfg",
      "type": "file",
      "size": 2391978,
      "modified": 1172607672.0,
      "extension": ".ecfg"
    },
    {
      "name": "AAO_CM850_19.0.0.13_2008-08-20.ecfg",
      "type": "file",
      "size": 2854585,
      "modified": 1411307032.0,
      "extension": ".ecfg"
    },
    {
      "name": "AAO_CM850_19.0.0.21_2012-06-14.ecfg",
      "type": "file",
      "size": 2897498,
      "modified": 1363905648.0,
      "extension": ".ecfg"
    },
    {
      "name": "AAO_CM850_19.0.0.22_2012-11-13.ecfg",
      "type": "file",
      "size": 2890909,
      "modified": 1411307026.0,
      "extension": ".ecfg"
    },
    {
      "name": "AAO_CM850_19.0.0.25_2013-05-15.ecfg",
      "type": "file",
      "size": 2926129,
      "modified": 1411307106.0,
      "extension": ".ecfg"
    },
    {
      "name": "AAO_CM850_19.0.20.25_2014-04-08.ecfg",
      "type": "file",
      "size": 2920038,
      "modified": 1411688372.0,
      "extension": ".ecfg"
    }
  ],
  "depth": 2
}