{
  "name": "AAP",
  "path": "- ECFG ECM -\\CM850\\AAP",
  "type": "folder",
  "item_count": 8,
  "items": [
    {
      "name": "AAP_CM850_15.0.2.10_2006-06-16.ecfg",
      "type": "file",
      "size": 5754701,
      "modified": 1411307404.0,
      "extension": ".ecfg"
    },
    {
      "name": "AAP_CM850_15.0.2.9_2006-04-27.ecfg",
      "type": "file",
      "size": 5742171,
      "modified": 1172607688.0,
      "extension": ".ecfg"
    },
    {
      "name": "AAP_CM850_18.0.11.2_2007-09-24.ecfg",
      "type": "file",
      "size": 6662902,
      "modified": 1220570948.0,
      "extension": ".ecfg"
    },
    {
      "name": "AAP_CM850_18.0.8.2_2007-05-14.ecfg",
      "type": "file",
      "size": 6363085,
      "modified": 1411307354.0,
      "extension": ".ecfg"
    },
    {
      "name": "AAP_CM850_19.0.0.13_2008-09-12.ecfg",
      "type": "file",
      "size": 7665251,
      "modified": 1411307284.0,
      "extension": ".ecfg"
    },
    {
      "name": "AAP_CM850_19.0.0.21_2012-06-14.ecfg",
      "type": "file",
      "size": 7521587,
      "modified": 1411307398.0,
      "extension": ".ecfg"
    },
    {
      "name": "AAP_CM850_19.0.0.22_2013-06-20.ecfg",
      "type": "file",
      "size": 7522832,
      "modified": 1411311032.0,
      "extension": ".ecfg"
    },
    {
      "name": "AAP_CM850_19.0.0.23_2017-10-09.ecfg",
      "type": "file",
      "size": 7598333,
      "modified": 1507822464.0,
      "extension": ".ecfg"
    }
  ],
  "depth": 2
}