{
  "name": "AAQ",
  "path": "- ECFG ECM -\\CM850\\AAQ",
  "type": "folder",
  "item_count": 6,
  "items": [
    {
      "name": "AAQ_CM850_15.0.2.10_2006-06-16.ecfg",
      "type": "file",
      "size": 1954959,
      "modified": 1411307568.0,
      "extension": ".ecfg"
    },
    {
      "name": "AAQ_CM850_18.0.8.2_2007-05-14.ecfg",
      "type": "file",
      "size": 2647158,
      "modified": 1411307524.0,
      "extension": ".ecfg"
    },
    {
      "name": "AAQ_CM850_19.0.0.13_2008-08-20.ecfg",
      "type": "file",
      "size": 2854585,
      "modified": 1411307468.0,
      "extension": ".ecfg"
    },
    {
      "name": "AAQ_CM850_19.0.0.20_2012-06-01.ecfg",
      "type": "file",
      "size": 2980106,
      "modified": 1411311164.0,
      "extension": ".ecfg"
    },
    {
      "name": "AAQ_CM850_19.0.0.21_2012-06-14.ecfg",
      "type": "file",
      "size": 2980106,
      "modified": 1416620366.0,
      "extension": ".ecfg"
    },
    {
      "name": "AAQ_CM850_19.0.0.22_2013-06-20.ecfg",
      "type": "file",
      "size": 2898755,
      "modified": 1411307444.0,
      "extension": ".ecfg"
    }
  ],
  "depth": 2
}