{
  "name": "AAR",
  "path": "- ECFG ECM -\\CM850\\AAR",
  "type": "folder",
  "item_count": 9,
  "items": [
    {
      "name": "AAR_CM850_12.0.1.2_2005-04-08.ecfg",
      "type": "file",
      "size": 5380406,
      "modified": 1411351906.0,
      "extension": ".ecfg"
    },
    {
      "name": "AAR_CM850_12.0.1.2_2005-04-11.ecfg",
      "type": "file",
      "size": 5380406,
      "modified": 1411307710.0,
      "extension": ".ecfg"
    },
    {
      "name": "AAR_CM850_12.0.1.3_2006-05-26.ecfg",
      "type": "file",
      "size": 5380406,
      "modified": 1411307728.0,
      "extension": ".ecfg"
    },
    {
      "name": "AAR_CM850_15.0.2.10_2006-06-15.ecfg",
      "type": "file",
      "size": 6034101,
      "modified": 1411307734.0,
      "extension": ".ecfg"
    },
    {
      "name": "AAR_CM850_15.0.2.6_2006-02-06.ecfg",
      "type": "file",
      "size": 5964545,
      "modified": 1411351912.0,
      "extension": ".ecfg"
    },
    {
      "name": "AAR_CM850_18.0.10.2_2007-12-13.ecfg",
      "type": "file",
      "size": 6809566,
      "modified": 1411307786.0,
      "extension": ".ecfg"
    },
    {
      "name": "AAR_CM850_18.0.8.2_2007-05-14.ecfg",
      "type": "file",
      "size": 6774478,
      "modified": 1411351920.0,
      "extension": ".ecfg"
    },
    {
      "name": "AAR_CM850_18.0.9.0_2007-05-29.ecfg",
      "type": "file",
      "size": 7010404,
      "modified": 1411307780.0,
      "extension": ".ecfg"
    },
    {
      "name": "AAR_CM850_19.0.0.13_2008-08-20.ecfg",
      "type": "file",
      "size": 7657441,
      "modified": 1411307808.0,
      "extension": ".ecfg"
    }
  ],
  "depth": 2
}