{
  "name": "ALFA ROMEO-FIAT-ABARTH-LANCIA",
  "path": "-DAMOS-\\CAR\\ALFA ROMEO-FIAT-ABARTH-LANCIA",
  "type": "folder",
  "item_count": 47,
  "items": [
    {
      "name": "1400Tjet_Fiat_Alfa_Lancia_Me7.9.10 Turbo",
      "type": "folder",
      "has_children": false,
      "item_count": 1,
      "depth": 3
    },
    {
      "name": "1400_Aspirato_Me 7.9.10 Aspirato",
      "type": "folder",
      "has_children": false,
      "item_count": 1,
      "depth": 3
    },
    {
      "name": "1750-1.8Turbo.Fiat_Alfa_Lancia_Med17.3.1",
      "type": "folder",
      "has_children": true,
      "item_count": 2,
      "depth": 3
    },
    {
      "name": "ALFA 1.4 TURBO 170 MULTIAIR 8GMF",
      "type": "folder",
      "has_children": false,
      "item_count": 1,
      "depth": 3
    },
    {
      "name": "Alfa 1.9JTDhex+dam+ols",
      "type": "folder",
      "has_children": false,
      "item_count": 4,
      "depth": 3
    },
    {
      "name": "Alfa 4 C MED1733",
      "type": "folder",
      "has_children": false,
      "item_count": 1,
      "depth": 3
    },
    {
      "name": "ALFA EDC15C 147 1.9JTD",
      "type": "folder",
      "has_children": false,
      "item_count": 5,
      "depth": 3
    },
    {
      "name": "ALFA M7.3.1 2.0 147",
      "type": "folder",
      "has_children": false,
      "item_count": 3,
      "depth": 3
    },
    {
      "name": "Alfa Romeo Giulia 2.0 Marelli_MM10JA_52084186",
      "type": "folder",
      "has_children": false,
      "item_count": 1,
      "depth": 3
    },
    {
      "name": "ALFA166 XXXXXX 2.4MJET OLS",
      "type": "folder",
      "has_children": false,
      "item_count": 1,
      "depth": 3
    },
    {
      "name": "Alfa_147_2.0_16Vhex+dam",
      "type": "folder",
      "has_children": false,
      "item_count": 3,
      "depth": 3
    },
    {
      "name": "Alfa_147__88.3KW_2007_EDC16C39_379005",
      "type": "folder",
      "has_children": true,
      "item_count": 1,
      "depth": 3
    },
    {
      "name": "Alfa_Romeo_Giulia_2.0_GME_MultiAir_Turbo_MM10JA_52084189__(dam)",
      "type": "folder",
      "has_children": true,
      "item_count": 4,
      "depth": 3
    },
    {
      "name": "Alfa_Romeo_Giulia_Quadrifoglio__2.9_Turbo__510PS_Automatik_0261S11305_11A08M0RER0301",
      "type": "folder",
      "has_children": false,
      "item_count": 1,
      "depth": 3
    },
    {
      "name": "ducato mjd8 a2l",
      "type": "folder",
      "has_children": true,
      "item_count": 1,
      "depth": 3
    },
    {
      "name": "EDC 16",
      "type": "folder",
      "has_children": false,
      "item_count": 2,
      "depth": 3
    },
    {
      "name": "EDC 17C49",
      "type": "folder",
      "has_children": false,
      "item_count": 1,
      "depth": 3
    },
    {
      "name": "EDC 17C69",
      "type": "folder",
      "has_children": false,
      "item_count": 1,
      "depth": 3
    },
    {
      "name": "FIAT 1.3 MJET 75_95hp - MARELLI MJ8DF",
      "type": "folder",
      "has_children": false,
      "item_count": 3,
      "depth": 3
    },
    {
      "name": "Fiat 500L (Original) 1.3 JTD Mjet MJ9DF - 4B45X110",
      "type": "folder",
      "has_children": false,
      "item_count": 1,
      "depth": 3
    },
    {
      "name": "Fiat 500X  1.3 JTD Mjet Marelli MJ9DF 52049661 HW000- 5347E122 Original",
      "type": "folder",
      "has_children": false,
      "item_count": 1,
      "depth": 3
    },
    {
      "name": "Fiat Ducato  3.0 JTD Mjet Bosch EDC17CP52 55262543 0281031352- 542022 Original",
      "type": "folder",
      "has_children": false,
      "item_count": 1,
      "depth": 3
    },
    {
      "name": "Fiat Ducato  3.0 Marelli IAW5SF HW470 5801415020 5801420818- 105977837 198 Original",
      "type": "folder",
      "has_children": false,
      "item_count": 1,
      "depth": 3
    },
    {
      "name": "Fiat Ducato 2.3 JTD Mjet MJD9DF 120PS",
      "type": "folder",
      "has_children": false,
      "item_count": 1,
      "depth": 3
    },
    {
      "name": "FIAT ME2.1 PUNTO",
      "type": "folder",
      "has_children": false,
      "item_count": 3,
      "depth": 3
    },
    {
      "name": "FIAT MJ8DF",
      "type": "folder",
      "has_children": false,
      "item_count": 1,
      "depth": 3
    },
    {
      "name": "Fiat Scudo MJ9DH 51872441 4141X115",
      "type": "folder",
      "has_children": true,
      "item_count": 9,
      "depth": 3
    },
    {
      "name": "fiat-500-MM9GF",
      "type": "folder",
      "has_children": true,
      "item_count": 1,
      "depth": 3
    },
    {
      "name": "FREEMONT edc17c49",
      "type": "folder",
      "has_children": false,
      "item_count": 2,
      "depth": 3
    },
    {
      "name": "Gearbox",
      "type": "folder",
      "has_children": false,
      "item_count": 1,
      "depth": 3
    },
    {
      "name": "GIULIA-EDC17C69-55270336 ols+a2l",
      "type": "folder",
      "has_children": true,
      "item_count": 1,
      "depth": 3
    },
    {
      "name": "Lancia",
      "type": "folder",
      "has_children": true,
      "item_count": 3,
      "depth": 3
    },
    {
      "name": "Lancia thesis 5-cyl 2.4 mjet",
      "type": "folder",
      "has_children": false,
      "item_count": 1,
      "depth": 3
    },
    {
      "name": "Lancia Y iaw5sf8hw413",
      "type": "folder",
      "has_children": false,
      "item_count": 1,
      "depth": 3
    },
    {
      "name": "Marelli 8GMF",
      "type": "folder",
      "has_children": false,
      "item_count": 2,
      "depth": 3
    },
    {
      "name": "Marelli 8GMK",
      "type": "folder",
      "has_children": false,
      "item_count": 1,
      "depth": 3
    },
    {
      "name": "Marelli IAW5SF",
      "type": "folder",
      "has_children": false,
      "item_count": 1,
      "depth": 3
    },
    {
      "name": "Marelli MJ8DF",
      "type": "folder",
      "has_children": false,
      "item_count": 3,
      "depth": 3
    },
    {
      "name": "Marelli MJ9DF",
      "type": "folder",
      "has_children": true,
      "item_count": 5,
      "depth": 3
    },
    {
      "name": "Marelli MJ9DH",
      "type": "folder",
      "has_children": false,
      "item_count": 2,
      "depth": 3
    },
    {
      "name": "Marelli MM10JA",
      "type": "folder",
      "has_children": false,
      "item_count": 1,
      "depth": 3
    },
    {
      "name": "ME 2.1",
      "type": "folder",
      "has_children": false,
      "item_count": 1,
      "depth": 3
    },
    {
      "name": "ME 2.7",
      "type": "folder",
      "has_children": false,
      "item_count": 1,
      "depth": 3
    },
    {
      "name": "MED 17.3.1",
      "type": "folder",
      "has_children": false,
      "item_count": 1,
      "depth": 3
    },
    {
      "name": "PEUGEOT-CITROEN-LANCIA 2.0 JTD 110cv FAP EDC15",
      "type": "folder",
      "has_children": false,
      "item_count": 2,
      "depth": 3
    },
    {
      "name": "WinOLS (alfaromea",
      "type": "folder",
      "has_children": false,
      "item_count": 0,
      "depth": 3
    },
    {
      "name": "WinOLS (Fiat Doblo mjd6 (Original) - 3646D792)",
      "type": "folder",
      "has_children": false,
      "item_count": 1,
      "depth": 3
    }
  ],
  "depth": 2
}