{
  "name": "Alpina",
  "path": "-DAMOS-\\CAR\\Alpina",
  "type": "folder",
  "item_count": 3,
  "items": [
    {
      "name": "Alpina_F01_3.0_410PS_MEVD17.2.6__531025__Original",
      "type": "folder",
      "has_children": false,
      "item_count": 1,
      "depth": 3
    },
    {
      "name": "Gearbox",
      "type": "folder",
      "has_children": false,
      "item_count": 1,
      "depth": 3
    },
    {
      "name": "MEVD 17.2.6",
      "type": "folder",
      "has_children": false,
      "item_count": 1,
      "depth": 3
    }
  ],
  "depth": 2
}