{
  "name": "BAB",
  "path": "- ECFG ECM -\\CM876\\BAB",
  "type": "folder",
  "item_count": 11,
  "items": [
    {
      "name": "BAB_CM876_7.1.0.18_2006-12-11.ecfg",
      "type": "file",
      "size": 8293894,
      "modified": 1172607734.0,
      "extension": ".ecfg"
    },
    {
      "name": "BAB_CM876_8.1.0.24_2007-08-06.ecfg",
      "type": "file",
      "size": 8331111,
      "modified": 1290965622.0,
      "extension": ".ecfg"
    },
    {
      "name": "BAB_CM876_8.1.0.33_2008-01-11.ecfg",
      "type": "file",
      "size": 8392712,
      "modified": 1290965612.0,
      "extension": ".ecfg"
    },
    {
      "name": "BAB_CM876_8.1.0.43_2008-07-11.ecfg",
      "type": "file",
      "size": 8703289,
      "modified": 1290965612.0,
      "extension": ".ecfg"
    },
    {
      "name": "BAB_CM876_8.1.0.54_2009-02-09.ecfg",
      "type": "file",
      "size": 8780953,
      "modified": 1411352328.0,
      "extension": ".ecfg"
    },
    {
      "name": "BAB_CM876_8.1.0.62_2009-07-22.ecfg",
      "type": "file",
      "size": 8865620,
      "modified": 1290945950.0,
      "extension": ".ecfg"
    },
    {
      "name": "BAB_CM876_8.1.0.70_2010-01-26.ecfg",
      "type": "file",
      "size": 8891138,
      "modified": 1290944766.0,
      "extension": ".ecfg"
    },
    {
      "name": "BAB_CM876_8.1.0.84_2011-03-07.ecfg",
      "type": "file",
      "size": 8993520,
      "modified": 1301746588.0,
      "extension": ".ecfg"
    },
    {
      "name": "BAB_CM876_8.1.0.91_2011-05-18.ecfg",
      "type": "file",
      "size": 9030180,
      "modified": 1310817682.0,
      "extension": ".ecfg"
    },
    {
      "name": "BAB_CM876_8.1.0.97_2013-02-07.ecfg",
      "type": "file",
      "size": 9118964,
      "modified": 1362819694.0,
      "extension": ".ecfg"
    },
    {
      "name": "BAB_CM876_8.1.0.99_2013-07-02.ecfg",
      "type": "file",
      "size": 9119354,
      "modified": 1411311970.0,
      "extension": ".ecfg"
    }
  ],
  "depth": 2
}