{
  "name": "BAD",
  "path": "- ECFG ECM -\\CM2150\\BAD",
  "type": "folder",
  "item_count": 11,
  "items": [
    {
      "name": "BAD_CM2150_6.4.0.12_2008-05-29.ecfg",
      "type": "file",
      "size": 9253625,
      "modified": 1290965766.0,
      "extension": ".ecfg"
    },
    {
      "name": "BAD_CM2150_6.4.0.15_2009-01-29.ecfg",
      "type": "file",
      "size": 9124615,
      "modified": 1290945962.0,
      "extension": ".ecfg"
    },
    {
      "name": "BAD_CM2150_6.4.0.9_2007-11-14.ecfg",
      "type": "file",
      "size": 9278380,
      "modified": 1290965758.0,
      "extension": ".ecfg"
    },
    {
      "name": "BAD_CM2150_6.4.1.10_2012-05-21.ecfg",
      "type": "file",
      "size": 9254393,
      "modified": 1343086502.0,
      "extension": ".ecfg"
    },
    {
      "name": "BAD_CM2150_6.4.1.12_2012-11-12.ecfg",
      "type": "file",
      "size": 9547578,
      "modified": 1363131872.0,
      "extension": ".ecfg"
    },
    {
      "name": "BAD_CM2150_6.4.1.3_2010-01-13.ecfg",
      "type": "file",
      "size": 9455509,
      "modified": 1368216210.0,
      "extension": ".ecfg"
    },
    {
      "name": "BAD_CM2150_6.4.1.3_2010-01-13_1.ecfg",
      "type": "file",
      "size": 9192506,
      "modified": 1290945964.0,
      "extension": ".ecfg"
    },
    {
      "name": "BAD_CM2150_6.4.1.5_2010-08-17.ecfg",
      "type": "file",
      "size": 9485731,
      "modified": 1290944792.0,
      "extension": ".ecfg"
    },
    {
      "name": "BAD_CM2150_6.4.1.8_2011-10-17.ecfg",
      "type": "file",
      "size": 9505388,
      "modified": 1326840950.0,
      "extension": ".ecfg"
    },
    {
      "name": "BAD_CM2150_6.4.2.1_2013-07-31.ecfg",
      "type": "file",
      "size": 9559150,
      "modified": 1381287572.0,
      "extension": ".ecfg"
    },
    {
      "name": "BAD_CM2150_8.52.0.1_2007-04-26.ecfg",
      "type": "file",
      "size": 7789608,
      "modified": 1290962338.0,
      "extension": ".ecfg"
    }
  ],
  "depth": 2
}