{
  "name": "BAE",
  "path": "- ECFG ECM -\\CM2150\\BAE",
  "type": "folder",
  "item_count": 11,
  "items": [
    {
      "name": "BAE_CM2150_6.4.0.12_2008-05-29.ecfg",
      "type": "file",
      "size": 9253625,
      "modified": 1290965826.0,
      "extension": ".ecfg"
    },
    {
      "name": "BAE_CM2150_6.4.0.15_2009-01-29.ecfg",
      "type": "file",
      "size": 9124615,
      "modified": 1290965836.0,
      "extension": ".ecfg"
    },
    {
      "name": "BAE_CM2150_6.4.0.9_2007-11-14.ecfg",
      "type": "file",
      "size": 9278380,
      "modified": 1290965820.0,
      "extension": ".ecfg"
    },
    {
      "name": "BAE_CM2150_6.4.1.10_2012-05-21.ecfg",
      "type": "file",
      "size": 9254393,
      "modified": 1345619970.0,
      "extension": ".ecfg"
    },
    {
      "name": "BAE_CM2150_6.4.1.12_2012-11-12.ecfg",
      "type": "file",
      "size": 9547578,
      "modified": 1363131890.0,
      "extension": ".ecfg"
    },
    {
      "name": "BAE_CM2150_6.4.1.3_2010-01-13.ecfg",
      "type": "file",
      "size": 9192506,
      "modified": 1290945972.0,
      "extension": ".ecfg"
    },
    {
      "name": "BAE_CM2150_6.4.1.5_2010-08-17.ecfg",
      "type": "file",
      "size": 9485731,
      "modified": 1290944796.0,
      "extension": ".ecfg"
    },
    {
      "name": "BAE_CM2150_6.4.1.5_2010-08-17_1.ecfg",
      "type": "file",
      "size": 9485723,
      "modified": 1368223409.7190082,
      "extension": ".ecfg"
    },
    {
      "name": "BAE_CM2150_6.4.1.5_2010-08-17_2.ecfg",
      "type": "file",
      "size": 9485723,
      "modified": 1498850107.0,
      "extension": ".ecfg"
    },
    {
      "name": "BAE_CM2150_6.4.1.8_2011-10-17.ecfg",
      "type": "file",
      "size": 9505388,
      "modified": 1328341032.0,
      "extension": ".ecfg"
    },
    {
      "name": "BAE_CM2150_6.4.2.1_2013-07-31.ecfg",
      "type": "file",
      "size": 9559150,
      "modified": 1381951012.0,
      "extension": ".ecfg"
    }
  ],
  "depth": 2
}