{
  "name": "BAG",
  "path": "- ECFG ECM -\\CM2180\\BAG",
  "type": "folder",
  "item_count": 45,
  "items": [
    {
      "name": "BAG_CM2180A_16.2.13.28_2008-11-17.ecfg",
      "type": "file",
      "size": 6151587,
      "modified": 1234569336.0,
      "extension": ".ecfg"
    },
    {
      "name": "BAG_CM2180A_16.2.14.10_2010-03-02.ecfg",
      "type": "file",
      "size": 6211175,
      "modified": 1411353152.0,
      "extension": ".ecfg"
    },
    {
      "name": "BAG_CM2180A_16.2.15.19_2010-11-10.ecfg",
      "type": "file",
      "size": 6264782,
      "modified": 1487893840.0,
      "extension": ".ecfg"
    },
    {
      "name": "BAG_CM2180A_16.2.15.19_2010-11-10_1.ecfg",
      "type": "file",
      "size": 6265795,
      "modified": 1411312234.0,
      "extension": ".ecfg"
    },
    {
      "name": "BAG_CM2180A_16.2.15.21_2011-03-04.ecfg",
      "type": "file",
      "size": 6270033,
      "modified": 1311905816.0,
      "extension": ".ecfg"
    },
    {
      "name": "BAG_CM2180A_16.2.16.16_2011-09-08.ecfg",
      "type": "file",
      "size": 6336274,
      "modified": 1330475378.0,
      "extension": ".ecfg"
    },
    {
      "name": "BAG_CM2180A_2.2.4.11_2006-07-20.ecfg",
      "type": "file",
      "size": 5077233,
      "modified": 1172607844.0,
      "extension": ".ecfg"
    },
    {
      "name": "BAG_CM2180A_24.2.2.10_2009-09-01.ecfg",
      "type": "file",
      "size": 6881317,
      "modified": 1290949588.0,
      "extension": ".ecfg"
    },
    {
      "name": "BAG_CM2180A_24.2.4.21_2011-08-12.ecfg",
      "type": "file",
      "size": 6953706,
      "modified": 1411353156.0,
      "extension": ".ecfg"
    },
    {
      "name": "BAG_CM2180A_24.2.5.22_2012-01-06.ecfg",
      "type": "file",
      "size": 7017893,
      "modified": 1333440064.0,
      "extension": ".ecfg"
    },
    {
      "name": "BAG_CM2180A_25.2.39.80_2012-09-07.ecfg",
      "type": "file",
      "size": 7774685,
      "modified": 1411308642.0,
      "extension": ".ecfg"
    },
    {
      "name": "BAG_CM2180A_25.2.40.18_2012-11-19.ecfg",
      "type": "file",
      "size": 7844245,
      "modified": 1411353168.0,
      "extension": ".ecfg"
    },
    {
      "name": "BAG_CM2180A_25.2.41.22_2013-08-23.ecfg",
      "type": "file",
      "size": 7909865,
      "modified": 1411315136.0,
      "extension": ".ecfg"
    },
    {
      "name": "BAG_CM2180A_25.2.41.22_2013-11-04.ecfg",
      "type": "file",
      "size": 7909871,
      "modified": 1411353188.0,
      "extension": ".ecfg"
    },
    {
      "name": "BAG_CM2180A_25.2.41.73_2014-02-01.ecfg",
      "type": "file",
      "size": 7937308,
      "modified": 1411315140.0,
      "extension": ".ecfg"
    },
    {
      "name": "BAG_CM2180A_25.2.41.73_2014-02-02.ecfg",
      "type": "file",
      "size": 7937308,
      "modified": 1411353200.0,
      "extension": ".ecfg"
    },
    {
      "name": "BAG_CM2180A_25.2.41.82_2013-11-04.ecfg",
      "type": "file",
      "size": 7917994,
      "modified": 1411353190.0,
      "extension": ".ecfg"
    },
    {
      "name": "BAG_CM2180A_25.2.44.57_2015-06-23.ecfg",
      "type": "file",
      "size": 8369775,
      "modified": 1442369060.0,
      "extension": ".ecfg"
    },
    {
      "name": "BAG_CM2180A_25.2.44.5_2014-04-25.ecfg",
      "type": "file",
      "size": 8062735,
      "modified": 1411308660.0,
      "extension": ".ecfg"
    },
    {
      "name": "BAG_CM2180A_25.2.44.5_2014-06-20.ecfg",
      "type": "file",
      "size": 8057258,
      "modified": 1411308660.0,
      "extension": ".ecfg"
    },
    {
      "name": "BAG_CM2180A_25.2.44.83_2014-07-18.ecfg",
      "type": "file",
      "size": 8147741,
      "modified": 1417510866.0,
      "extension": ".ecfg"
    },
    {
      "name": "BAG_CM2180A_25.2.44.88_2015-04-04.ecfg",
      "type": "file",
      "size": 8294885,
      "modified": 1428624510.0,
      "extension": ".ecfg"
    },
    {
      "name": "BAG_CM2180A_25.2.44.89_2015-04-15.ecfg",
      "type": "file",
      "size": 8296331,
      "modified": 1432340088.0,
      "extension": ".ecfg"
    },
    {
      "name": "BAG_CM2180A_25.2.44.90_2015-04-17.ecfg",
      "type": "file",
      "size": 8181170,
      "modified": 1430954410.0,
      "extension": ".ecfg"
    },
    {
      "name": "BAG_CM2180A_25.2.46.17_2017-02-07.ecfg",
      "type": "file",
      "size": 8627273,
      "modified": 1493071750.0,
      "extension": ".ecfg"
    },
    {
      "name": "BAG_CM2180A_25.2.46.3_2015-11-05.ecfg",
      "type": "file",
      "size": 8475851,
      "modified": 1460594594.0,
      "extension": ".ecfg"
    },
    {
      "name": "BAG_CM2180A_25.2.48.5_2017-08-23.ecfg",
      "type": "file",
      "size": 8683568,
      "modified": 1503500236.0,
      "extension": ".ecfg"
    },
    {
      "name": "BAG_CM2180A_25.2.48.7_2018-02-16.ecfg",
      "type": "file",
      "size": 8686128,
      "modified": 1519331466.0,
      "extension": ".ecfg"
    },
    {
      "name": "BAG_CM2180A_25.42.40.20_2013-05-31.ecfg",
      "type": "file",
      "size": 7980146,
      "modified": 1411353178.0,
      "extension": ".ecfg"
    },
    {
      "name": "BAG_CM2180A_25.43.43.16_2016-07-01.ecfg",
      "type": "file",
      "size": 8416997,
      "modified": 1476487230.0,
      "extension": ".ecfg"
    },
    {
      "name": "BAG_CM2180A_25.43.43.5_2014-02-28.ecfg",
      "type": "file",
      "size": 8191702,
      "modified": 1411353196.0,
      "extension": ".ecfg"
    },
    {
      "name": "BAG_CM2180A_25.43.43.90_2015-04-17.ecfg",
      "type": "file",
      "size": 8336473,
      "modified": 1430954400.0,
      "extension": ".ecfg"
    },
    {
      "name": "BAG_CM2180A_25.43.43.91_2015-05-13.ecfg",
      "type": "file",
      "size": 8336499,
      "modified": 1440489824.0,
      "extension": ".ecfg"
    },
    {
      "name": "BAG_CM2180A_25.43.43.9_2014-04-17.ecfg",
      "type": "file",
      "size": 8219343,
      "modified": 1411308654.0,
      "extension": ".ecfg"
    },
    {
      "name": "BAG_CM2180A_25.83.45.55_2015-08-31.ecfg",
      "type": "file",
      "size": 8595145,
      "modified": 1454648912.0,
      "extension": ".ecfg"
    },
    {
      "name": "BAG_CM2180A_25.83.45.56_2015-11-11.ecfg",
      "type": "file",
      "size": 8607793,
      "modified": 1457482558.0,
      "extension": ".ecfg"
    },
    {
      "name": "BAG_CM2180A_25.83.46.5_2016-10-21.ecfg",
      "type": "file",
      "size": 8652586,
      "modified": 1479428272.0,
      "extension": ".ecfg"
    },
    {
      "name": "BAG_CM2180A_25.83.48.6_2017-08-23.ecfg",
      "type": "file",
      "size": 8779241,
      "modified": 1506027040.0,
      "extension": ".ecfg"
    },
    {
      "name": "BAG_CM2180A_25.83.48.8_2018-02-16.ecfg",
      "type": "file",
      "size": 8783126,
      "modified": 1518810052.0,
      "extension": ".ecfg"
    },
    {
      "name": "BAG_CM2180A_25.93.46.6_2016-12-07.ecfg",
      "type": "file",
      "size": 8652206,
      "modified": 1482368482.0,
      "extension": ".ecfg"
    },
    {
      "name": "BAG_CM2180A_25.93.48.4_2017-09-13.ecfg",
      "type": "file",
      "size": 8726121,
      "modified": 1510794002.0,
      "extension": ".ecfg"
    },
    {
      "name": "BAG_CM2180A_25.93.48.6_2018-02-16.ecfg",
      "type": "file",
      "size": 8728681,
      "modified": 1518806862.0,
      "extension": ".ecfg"
    },
    {
      "name": "BAG_CM2180A_30.32.0.21_2012-04-09.ecfg",
      "type": "file",
      "size": 7868447,
      "modified": 1341302466.0,
      "extension": ".ecfg"
    },
    {
      "name": "BAG_CM2180A_30.33.0.33_2013-05-17.ecfg",
      "type": "file",
      "size": 8213600,
      "modified": 1411308638.0,
      "extension": ".ecfg"
    },
    {
      "name": "BAG_CM2180A_30.33.2.3_2014-12-02.ecfg",
      "type": "file",
      "size": 8163489,
      "modified": 1420794078.0,
      "extension": ".ecfg"
    }
  ],
  "depth": 2
}