{
  "name": "BAH",
  "path": "- ECFG ECM -\\CM2150\\BAH",
  "type": "folder",
  "item_count": 13,
  "items": [
    {
      "name": "BAH_CM2150_6.3.1.5_2006-05-15.ecfg",
      "type": "file",
      "size": 7678581,
      "modified": 1515099672.0,
      "extension": ".ecfg"
    },
    {
      "name": "BAH_CM2150_6.4.0.11_2008-10-24.ecfg",
      "type": "file",
      "size": 7497068,
      "modified": 1290945994.0,
      "extension": ".ecfg"
    },
    {
      "name": "BAH_CM2150_6.4.0.12_2009-03-16.ecfg",
      "type": "file",
      "size": 7553321,
      "modified": 1290945996.0,
      "extension": ".ecfg"
    },
    {
      "name": "BAH_CM2150_6.4.6.1_2009-11-20.ecfg",
      "type": "file",
      "size": 7585109,
      "modified": 1269469338.0,
      "extension": ".ecfg"
    },
    {
      "name": "BAH_CM2150_6.4.6.2_2010-04-08.ecfg",
      "type": "file",
      "size": 7588408,
      "modified": 1290946002.0,
      "extension": ".ecfg"
    },
    {
      "name": "BAH_CM2150_6.4.6.2_2010-04-08_1.ecfg",
      "type": "file",
      "size": 7377688,
      "modified": 1301455924.0,
      "extension": ".ecfg"
    },
    {
      "name": "BAH_CM2150_6.4.6.5_2011-07-25.ecfg",
      "type": "file",
      "size": 7563490,
      "modified": 1324592940.0,
      "extension": ".ecfg"
    },
    {
      "name": "BAH_CM2150_6.4.6.6_2012-08-30.ecfg",
      "type": "file",
      "size": 7570363,
      "modified": 1355357014.0,
      "extension": ".ecfg"
    },
    {
      "name": "BAH_CM2150_6.4.6.8_2014-10-23.ecfg",
      "type": "file",
      "size": 7731133,
      "modified": 1503424670.0,
      "extension": ".ecfg"
    },
    {
      "name": "BAH_CM2150_6.4.6.8_2015-02-12.ecfg",
      "type": "file",
      "size": 7731264,
      "modified": 1503424712.0,
      "extension": ".ecfg"
    },
    {
      "name": "BAH_CM2150_6.4.6.9_2014-12-12.ecfg",
      "type": "file",
      "size": 7746878,
      "modified": 1503424680.0,
      "extension": ".ecfg"
    },
    {
      "name": "BAH_CM2150_6.4.7.1_2015-10-21.ecfg",
      "type": "file",
      "size": 7753178,
      "modified": 1503424750.0,
      "extension": ".ecfg"
    },
    {
      "name": "BAH_CM2150_7.70.0.14_2011-07-26.ecfg",
      "type": "file",
      "size": 13961987,
      "modified": 1347557091.229856,
      "extension": ".ecfg"
    }
  ],
  "depth": 2
}