{
  "name": "BAI",
  "path": "- ECFG ECM -\\CM2150\\BAI",
  "type": "folder",
  "item_count": 11,
  "items": [
    {
      "name": "BAI_CM2150_3.2.1.2_2005-11-02.ecfg",
      "type": "file",
      "size": 6818894,
      "modified": 1290965994.0,
      "extension": ".ecfg"
    },
    {
      "name": "BAI_CM2150_6.3.1.5_2006-05-05.ecfg",
      "type": "file",
      "size": 7678599,
      "modified": 1290965998.0,
      "extension": ".ecfg"
    },
    {
      "name": "BAI_CM2150_6.4.0.11_2008-10-24.ecfg",
      "type": "file",
      "size": 7497068,
      "modified": 1228492960.0,
      "extension": ".ecfg"
    },
    {
      "name": "BAI_CM2150_6.4.0.13_2016-08-09.ecfg",
      "type": "file",
      "size": 7297767,
      "modified": 1503424760.0,
      "extension": ".ecfg"
    },
    {
      "name": "BAI_CM2150_6.4.6.0_2009-09-23.ecfg",
      "type": "file",
      "size": 7371417,
      "modified": 1269040838.0,
      "extension": ".ecfg"
    },
    {
      "name": "BAI_CM2150_6.4.6.1_2009-11-20.ecfg",
      "type": "file",
      "size": 7374456,
      "modified": 1267056114.0,
      "extension": ".ecfg"
    },
    {
      "name": "BAI_CM2150_6.4.6.2_2010-04-08.ecfg",
      "type": "file",
      "size": 7377688,
      "modified": 1290942408.0,
      "extension": ".ecfg"
    },
    {
      "name": "BAI_CM2150_6.4.6.5_2011-07-25.ecfg",
      "type": "file",
      "size": 7563490,
      "modified": 1324464324.0,
      "extension": ".ecfg"
    },
    {
      "name": "BAI_CM2150_6.4.6.6_2012-01-30.ecfg",
      "type": "file",
      "size": 7570140,
      "modified": 1340051864.0,
      "extension": ".ecfg"
    },
    {
      "name": "BAI_CM2150_6.4.6.6_2012-08-30.ecfg",
      "type": "file",
      "size": 7570363,
      "modified": 1355918910.0,
      "extension": ".ecfg"
    },
    {
      "name": "BAI_CM2150_6.4.6.8_2014-05-14.ecfg",
      "type": "file",
      "size": 7731179,
      "modified": 1503424640.0,
      "extension": ".ecfg"
    }
  ],
  "depth": 2
}