{
  "name": "BAJ",
  "path": "- ECFG ECM -\\CM850\\BAJ",
  "type": "folder",
  "item_count": 4,
  "items": [
    {
      "name": "BAJ_CM850_15.0.2.9_2006-05-01.ecfg",
      "type": "file",
      "size": 5609350,
      "modified": 1172607902.0,
      "extension": ".ecfg"
    },
    {
      "name": "BAJ_CM850_18.0.8.2_2007-05-14.ecfg",
      "type": "file",
      "size": 6201341,
      "modified": 1290949616.0,
      "extension": ".ecfg"
    },
    {
      "name": "BAJ_CM850_19.0.0.13_2008-09-12.ecfg",
      "type": "file",
      "size": 7665251,
      "modified": 1411308812.0,
      "extension": ".ecfg"
    },
    {
      "name": "BAJ_CM850_19.0.0.21_2012-06-14.ecfg",
      "type": "file",
      "size": 7733926,
      "modified": 1411353644.0,
      "extension": ".ecfg"
    }
  ],
  "depth": 2
}