{
  "name": "BAL",
  "path": "- ECFG ECM -\\CM850\\BAL",
  "type": "folder",
  "item_count": 3,
  "items": [
    {
      "name": "BAL_CM850_15.0.2.9_2006-04-28.ecfg",
      "type": "file",
      "size": 2011143,
      "modified": 1172607912.0,
      "extension": ".ecfg"
    },
    {
      "name": "BAL_CM850_19.0.0.13_2008-08-20.ecfg",
      "type": "file",
      "size": 2854585,
      "modified": 1411315262.0,
      "extension": ".ecfg"
    },
    {
      "name": "BAL_CM850_19.0.0.21_2012-06-14.ecfg",
      "type": "file",
      "size": 2980106,
      "modified": 1411315254.0,
      "extension": ".ecfg"
    }
  ],
  "depth": 2
}