{
  "name": "BAO",
  "path": "- ECFG ECM -\\CM850\\BAO",
  "type": "folder",
  "item_count": 3,
  "items": [
    {
      "name": "BAO_CM850_18.1.0.12_2010-10-05.ecfg",
      "type": "file",
      "size": 6232467,
      "modified": 1290946046.0,
      "extension": ".ecfg"
    },
    {
      "name": "BAO_CM850_18.1.0.20_2011-08-26.ecfg",
      "type": "file",
      "size": 6428843,
      "modified": 1333572742.0,
      "extension": ".ecfg"
    },
    {
      "name": "BAO_CM850_18.1.0.8_2009-08-11.ecfg",
      "type": "file",
      "size": 5793457,
      "modified": 1290946038.0,
      "extension": ".ecfg"
    }
  ],
  "depth": 2
}