{
  "name": "BAP",
  "path": "- ECFG ECM -\\CM876\\BAP",
  "type": "folder",
  "item_count": 6,
  "items": [
    {
      "name": "BAP_CM876_17.0.0.8_1985-01-13.ecfg",
      "type": "file",
      "size": 5597142,
      "modified": 1290946046.0,
      "extension": ".ecfg"
    },
    {
      "name": "BAP_CM876_18.0.0.0_2014-09-30.ecfg",
      "type": "file",
      "size": 6130024,
      "modified": 1423705354.0,
      "extension": ".ecfg"
    },
    {
      "name": "BAP_CM876_18.0.0.11_2011-01-12.ecfg",
      "type": "file",
      "size": 5839599,
      "modified": 1411308856.0,
      "extension": ".ecfg"
    },
    {
      "name": "BAP_CM876_18.0.0.9_2007-06-20.ecfg",
      "type": "file",
      "size": 6005701,
      "modified": 1290946042.0,
      "extension": ".ecfg"
    },
    {
      "name": "BAP_CM876_21.20.18.1_2018-03-16.ecfg",
      "type": "file",
      "size": 8629038,
      "modified": 1521213954.0,
      "extension": ".ecfg"
    },
    {
      "name": "BAP_CM876_21.40.18.0_2018-09-16.ecfg",
      "type": "file",
      "size": 8651998,
      "modified": 1539203560.0,
      "extension": ".ecfg"
    }
  ],
  "depth": 2
}