{
  "name": "BAQ",
  "path": "- ECFG ECM -\\CM850\\BAQ",
  "type": "folder",
  "item_count": 4,
  "items": [
    {
      "name": "BAQ_CM850_15.1.0.7_1985-01-03.ecfg",
      "type": "file",
      "size": 5901960,
      "modified": 1366765976.0,
      "extension": ".ecfg"
    },
    {
      "name": "BAQ_CM850_18.1.0.20_2011-08-26.ecfg",
      "type": "file",
      "size": 6612453,
      "modified": 1333073828.0,
      "extension": ".ecfg"
    },
    {
      "name": "BAQ_CM850_18.1.0.26_2012-02-17.ecfg",
      "type": "file",
      "size": 6613481,
      "modified": 1337200900.0,
      "extension": ".ecfg"
    },
    {
      "name": "BAQ_CM850_18.1.0.8_2009-08-11.ecfg",
      "type": "file",
      "size": 5793457,
      "modified": 1290946052.0,
      "extension": ".ecfg"
    }
  ],
  "depth": 2
}