{
  "name": "BAR",
  "path": "- ECFG ECM -\\CM2150\\BAR",
  "type": "folder",
  "item_count": 3,
  "items": [
    {
      "name": "BAR_CM2150_18.0.0.12_1985-01-05.ecfg",
      "type": "file",
      "size": 7197268,
      "modified": 1306449694.0,
      "extension": ".ecfg"
    },
    {
      "name": "BAR_CM2150_18.0.1.14_1985-01-09.ecfg",
      "type": "file",
      "size": 7264006,
      "modified": 1354581492.0,
      "extension": ".ecfg"
    },
    {
      "name": "BAR_CM2150_18.0.1.14_1985-01-09_1.ecfg",
      "type": "file",
      "size": 7263994,
      "modified": 1362094660.0,
      "extension": ".ecfg"
    }
  ],
  "depth": 2
}