{
  "name": "BAY",
  "path": "- ECFG ECM -\\CM850\\BAY",
  "type": "folder",
  "item_count": 5,
  "items": [
    {
      "name": "BAY_CM850_19.0.0.10_2011-05-13.ecfg",
      "type": "file",
      "size": 4886682,
      "modified": 1411312540.0,
      "extension": ".ecfg"
    },
    {
      "name": "BAY_CM850_19.0.0.11_2012-06-07.ecfg",
      "type": "file",
      "size": 5101676,
      "modified": 1411312530.0,
      "extension": ".ecfg"
    },
    {
      "name": "BAY_CM850_19.0.0.1_2015-05-04.ecfg",
      "type": "file",
      "size": 5131925,
      "modified": 1444968490.0,
      "extension": ".ecfg"
    },
    {
      "name": "BAY_CM850_19.0.0.3_2017-10-31.ecfg",
      "type": "file",
      "size": 5215917,
      "modified": 1509565078.0,
      "extension": ".ecfg"
    },
    {
      "name": "BAY_CM850_19.0.0.7_2010-03-01.ecfg",
      "type": "file",
      "size": 5362278,
      "modified": 1299540654.0,
      "extension": ".ecfg"
    }
  ],
  "depth": 2
}