{
  "name": "BBA",
  "path": "- ECFG ECM -\\CM850\\BBA",
  "type": "folder",
  "item_count": 4,
  "items": [
    {
      "name": "BBA_CM850_19.0.0.10_2011-05-13.ecfg",
      "type": "file",
      "size": 5025425,
      "modified": 1411323632.0,
      "extension": ".ecfg"
    },
    {
      "name": "BBA_CM850_19.0.0.1_2015-05-04.ecfg",
      "type": "file",
      "size": 5277795,
      "modified": 1453772466.0,
      "extension": ".ecfg"
    },
    {
      "name": "BBA_CM850_19.0.0.3_2017-10-31.ecfg",
      "type": "file",
      "size": 5215917,
      "modified": 1515177292.0,
      "extension": ".ecfg"
    },
    {
      "name": "BBA_CM850_19.0.0.4_2007-10-31.ecfg",
      "type": "file",
      "size": 5215240,
      "modified": 1290949670.0,
      "extension": ".ecfg"
    }
  ],
  "depth": 2
}