{
  "name": "BBH",
  "path": "- ECFG ECM -\\CM2220\\BBH",
  "type": "folder",
  "item_count": 12,
  "items": [
    {
      "name": "BBH_CM2220A_41.23.0.2_2011-09-15.ecfg",
      "type": "file",
      "size": 11734514,
      "modified": 1329515184.0,
      "extension": ".ecfg"
    },
    {
      "name": "BBH_CM2220A_41.23.0.3_2012-11-06.ecfg",
      "type": "file",
      "size": 11951800,
      "modified": 1371767624.0,
      "extension": ".ecfg"
    },
    {
      "name": "BBH_CM2220A_41.23.1.2_2011-09-15.ecfg",
      "type": "file",
      "size": 11734520,
      "modified": 1345496218.0,
      "extension": ".ecfg"
    },
    {
      "name": "BBH_CM2220_13.24.0.2_2011-05-10.ecfg",
      "type": "file",
      "size": 9941996,
      "modified": 1308027196.0,
      "extension": ".ecfg"
    },
    {
      "name": "BBH_CM2220_13.24.0.4_2011-11-23.ecfg",
      "type": "file",
      "size": 10184670,
      "modified": 1326840970.0,
      "extension": ".ecfg"
    },
    {
      "name": "BBH_CM2220_13.24.0.7_2012-06-27.ecfg",
      "type": "file",
      "size": 10249953,
      "modified": 1344026010.0,
      "extension": ".ecfg"
    },
    {
      "name": "BBH_CM2220_43.27.0.8_2009-10-20.ecfg",
      "type": "file",
      "size": 10217661,
      "modified": 1290966194.0,
      "extension": ".ecfg"
    },
    {
      "name": "BBH_CM2220_53.27.0.0_2010-01-08.ecfg",
      "type": "file",
      "size": 10181380,
      "modified": 1290946076.0,
      "extension": ".ecfg"
    },
    {
      "name": "BBH_CM2220_63.27.0.0_2010-03-05.ecfg",
      "type": "file",
      "size": 10181380,
      "modified": 1290946076.0,
      "extension": ".ecfg"
    },
    {
      "name": "BBH_CM2220_63.27.0.0_2010-03-05_1.ecfg",
      "type": "file",
      "size": 10475432,
      "modified": 1290946080.0,
      "extension": ".ecfg"
    },
    {
      "name": "BBH_CM2220_63.27.0.3_2011-11-28.ecfg",
      "type": "file",
      "size": 10427907,
      "modified": 1328565248.0,
      "extension": ".ecfg"
    },
    {
      "name": "BBH_CM2220_63.28.0.1_2011-04-08.ecfg",
      "type": "file",
      "size": 10198018,
      "modified": 1309469816.0,
      "extension": ".ecfg"
    }
  ],
  "depth": 2
}