{
  "name": "BBI",
  "path": "- ECFG ECM -\\CM2220\\BBI",
  "type": "folder",
  "item_count": 11,
  "items": [
    {
      "name": "BBI_CM2220_30.50.0.3_2010-12-03.ecfg",
      "type": "file",
      "size": 11690868,
      "modified": 1297118278.0,
      "extension": ".ecfg"
    },
    {
      "name": "BBI_CM2220_30.50.0.9_2011-11-15.ecfg",
      "type": "file",
      "size": 11716810,
      "modified": 1333073832.0,
      "extension": ".ecfg"
    },
    {
      "name": "BBI_CM2220_33.20.0.0_2009-09-18.ecfg",
      "type": "file",
      "size": 10497158,
      "modified": 1290966220.0,
      "extension": ".ecfg"
    },
    {
      "name": "BBI_CM2220_53.20.0.2_2010-11-12.ecfg",
      "type": "file",
      "size": 10581015,
      "modified": 1291935468.0,
      "extension": ".ecfg"
    },
    {
      "name": "BBI_CM2220_53.20.0.4_2011-05-20.ecfg",
      "type": "file",
      "size": 10581336,
      "modified": 1311285432.0,
      "extension": ".ecfg"
    },
    {
      "name": "BBI_CM2220_53.20.0.5_2011-09-27.ecfg",
      "type": "file",
      "size": 10581511,
      "modified": 1319236518.0,
      "extension": ".ecfg"
    },
    {
      "name": "BBI_CM2220_53.20.0.7_2012-01-17.ecfg",
      "type": "file",
      "size": 10821063,
      "modified": 1363990734.0,
      "extension": ".ecfg"
    },
    {
      "name": "BBI_CM2220_53.21.0.5_2009-09-14.ecfg",
      "type": "file",
      "size": 10290533,
      "modified": 1290946088.0,
      "extension": ".ecfg"
    },
    {
      "name": "BBI_CM2220_63.21.0.1_2009-09-14.ecfg",
      "type": "file",
      "size": 9876049,
      "modified": 1290962616.0,
      "extension": ".ecfg"
    },
    {
      "name": "BBI_CM2220_63.21.0.3_2010-02-01.ecfg",
      "type": "file",
      "size": 10241208,
      "modified": 1290946084.0,
      "extension": ".ecfg"
    },
    {
      "name": "BBI_CM2220_63.21.0.5_2011-08-25.ecfg",
      "type": "file",
      "size": 10155323,
      "modified": 1327013150.0,
      "extension": ".ecfg"
    }
  ],
  "depth": 2
}