{
  "name": "BBK",
  "path": "- ECFG ECM -\\CM2220\\BBK",
  "type": "folder",
  "item_count": 8,
  "items": [
    {
      "name": "BBK_CM2220_53.26.0.2_2009-10-19.ecfg",
      "type": "file",
      "size": 10799092,
      "modified": 1290969852.0,
      "extension": ".ecfg"
    },
    {
      "name": "BBK_CM2220_53.26.0.5_2010-01-11.ecfg",
      "type": "file",
      "size": 10879641,
      "modified": 1290949695.0,
      "extension": ".ecfg"
    },
    {
      "name": "BBK_CM2220_63.21.0.1_2009-09-14.ecfg",
      "type": "file",
      "size": 10160051,
      "modified": 1290969849.0,
      "extension": ".ecfg"
    },
    {
      "name": "BBK_CM2220_63.21.0.3_2010-02-01.ecfg",
      "type": "file",
      "size": 10241208,
      "modified": 1290949696.0,
      "extension": ".ecfg"
    },
    {
      "name": "BBK_CM2220_63.21.0.5_2011-08-25.ecfg",
      "type": "file",
      "size": 10155326,
      "modified": 1327013154.0,
      "extension": ".ecfg"
    },
    {
      "name": "BBK_CM2220_63.26.0.0_2010-03-05.ecfg",
      "type": "file",
      "size": 10883043,
      "modified": 1290942504.0,
      "extension": ".ecfg"
    },
    {
      "name": "BBK_CM2220_63.26.0.1_2010-06-02.ecfg",
      "type": "file",
      "size": 10883043,
      "modified": 1290949699.0,
      "extension": ".ecfg"
    },
    {
      "name": "BBK_CM2220_63.26.0.4_2011-11-28.ecfg",
      "type": "file",
      "size": 10839280,
      "modified": 1329343784.0,
      "extension": ".ecfg"
    }
  ],
  "depth": 2
}