{
  "name": "BBM",
  "path": "- ECFG ECM -\\CM2220\\BBM",
  "type": "folder",
  "item_count": 7,
  "items": [
    {
      "name": "BBM_CM2220_53.20.0.2_2010-11-12.ecfg",
      "type": "file",
      "size": 10581015,
      "modified": 1291935472.0,
      "extension": ".ecfg"
    },
    {
      "name": "BBM_CM2220_53.20.0.4_2011-05-20.ecfg",
      "type": "file",
      "size": 10581336,
      "modified": 1309215968.0,
      "extension": ".ecfg"
    },
    {
      "name": "BBM_CM2220_53.20.0.7_2012-01-17.ecfg",
      "type": "file",
      "size": 11131988,
      "modified": 1363990748.0,
      "extension": ".ecfg"
    },
    {
      "name": "BBM_CM2220_53.26.0.2_2009-10-19.ecfg",
      "type": "file",
      "size": 10497156,
      "modified": 1290966278.0,
      "extension": ".ecfg"
    },
    {
      "name": "BBM_CM2220_53.26.0.5_2010-01-11.ecfg",
      "type": "file",
      "size": 10575567,
      "modified": 1290946106.0,
      "extension": ".ecfg"
    },
    {
      "name": "BBM_CM2220_63.26.0.1_2010-06-02.ecfg",
      "type": "file",
      "size": 10883043,
      "modified": 1290946110.0,
      "extension": ".ecfg"
    },
    {
      "name": "BBM_CM2220_63.26.0.4_2011-11-28.ecfg",
      "type": "file",
      "size": 10839277,
      "modified": 1329343790.0,
      "extension": ".ecfg"
    }
  ],
  "depth": 2
}