{
  "name": "BBN",
  "path": "- ECFG ECM -\\CM2250\\BBN",
  "type": "folder",
  "item_count": 21,
  "items": [
    {
      "name": "BBN_CM2250_2.1.0.4_2008-02-26.ecfg",
      "type": "file",
      "size": 9959890,
      "modified": 1290966298.0,
      "extension": ".ecfg"
    },
    {
      "name": "BBN_CM2250_2.1.0.6_2008-04-10.ecfg",
      "type": "file",
      "size": 10189678,
      "modified": 1290966300.0,
      "extension": ".ecfg"
    },
    {
      "name": "BBN_CM2250_2.1.0.7_2008-06-04.ecfg",
      "type": "file",
      "size": 10189752,
      "modified": 1290966304.0,
      "extension": ".ecfg"
    },
    {
      "name": "BBN_CM2250_3.2.1.6_2008-08-20.ecfg",
      "type": "file",
      "size": 11303065,
      "modified": 1290966306.0,
      "extension": ".ecfg"
    },
    {
      "name": "BBN_CM2250_3.2.1.7_2008-09-26.ecfg",
      "type": "file",
      "size": 11307112,
      "modified": 1290966308.0,
      "extension": ".ecfg"
    },
    {
      "name": "BBN_CM2250_5.3.0.5_2009-03-25.ecfg",
      "type": "file",
      "size": 12326120,
      "modified": 1290966320.0,
      "extension": ".ecfg"
    },
    {
      "name": "BBN_CM2250_5.3.2.5_2009-08-12.ecfg",
      "type": "file",
      "size": 12770823,
      "modified": 1253234150.0,
      "extension": ".ecfg"
    },
    {
      "name": "BBN_CM2250_5.3.3.3_2009-11-10.ecfg",
      "type": "file",
      "size": 12913823,
      "modified": 1261098226.0,
      "extension": ".ecfg"
    },
    {
      "name": "BBN_CM2250_5.3.3.3_2009-11-10_1.ecfg",
      "type": "file",
      "size": 12913823,
      "modified": 1290946116.0,
      "extension": ".ecfg"
    },
    {
      "name": "BBN_CM2250_5.3.33.1_2009-02-26.ecfg",
      "type": "file",
      "size": 12121837,
      "modified": 1290946114.0,
      "extension": ".ecfg"
    },
    {
      "name": "BBN_CM2250_5.3.4.4_2010-04-14.ecfg",
      "type": "file",
      "size": 13014781,
      "modified": 1290946118.0,
      "extension": ".ecfg"
    },
    {
      "name": "BBN_CM2250_5.3.4.7_2010-10-12.ecfg",
      "type": "file",
      "size": 13082951,
      "modified": 1290944806.0,
      "extension": ".ecfg"
    },
    {
      "name": "BBN_CM2250_5.3.5.2_2011-05-25.ecfg",
      "type": "file",
      "size": 13212697,
      "modified": 1309215950.0,
      "extension": ".ecfg"
    },
    {
      "name": "BBN_CM2250_5.3.5.4_2011-11-16.ecfg",
      "type": "file",
      "size": 13229771,
      "modified": 1328341042.0,
      "extension": ".ecfg"
    },
    {
      "name": "BBN_CM2250_5.3.5.6_2012-06-26.ecfg",
      "type": "file",
      "size": 13262045,
      "modified": 1346285604.0,
      "extension": ".ecfg"
    },
    {
      "name": "BBN_CM2250_5.3.5.8_2012-11-07.ecfg",
      "type": "file",
      "size": 13511912,
      "modified": 1361229348.0,
      "extension": ".ecfg"
    },
    {
      "name": "BBN_CM2250_5.3.6.0_2013-06-14.ecfg",
      "type": "file",
      "size": 13665187,
      "modified": 1375835854.0,
      "extension": ".ecfg"
    },
    {
      "name": "BBN_CM2250_5.3.6.3_2014-04-02.ecfg",
      "type": "file",
      "size": 14291345,
      "modified": 1528909868.0,
      "extension": ".ecfg"
    },
    {
      "name": "BBN_CM2250_5.3.6.5_2014-11-07.ecfg",
      "type": "file",
      "size": 13915148,
      "modified": 1528909880.0,
      "extension": ".ecfg"
    },
    {
      "name": "BBN_CM2250_5.3.6.7_2015-08-18.ecfg",
      "type": "file",
      "size": 13986672,
      "modified": 1528909894.0,
      "extension": ".ecfg"
    },
    {
      "name": "BBN_CM2250_5.3.7.0_2016-07-12.ecfg",
      "type": "file",
      "size": 14423447,
      "modified": 1528909906.0,
      "extension": ".ecfg"
    }
  ],
  "depth": 2
}