{
  "name": "BBP",
  "path": "- ECFG ECM -\\CM2250\\BBP",
  "type": "folder",
  "item_count": 17,
  "items": [
    {
      "name": "BBP_CM2250_2.1.0.4_2008-02-26.ecfg",
      "type": "file",
      "size": 9959964,
      "modified": 1290966430.0,
      "extension": ".ecfg"
    },
    {
      "name": "BBP_CM2250_2.1.0.6_2008-04-10.ecfg",
      "type": "file",
      "size": 10189678,
      "modified": 1290962832.0,
      "extension": ".ecfg"
    },
    {
      "name": "BBP_CM2250_2.1.0.7_2008-06-04.ecfg",
      "type": "file",
      "size": 10189752,
      "modified": 1290966434.0,
      "extension": ".ecfg"
    },
    {
      "name": "BBP_CM2250_3.2.1.6_2008-08-20.ecfg",
      "type": "file",
      "size": 11303065,
      "modified": 1290966438.0,
      "extension": ".ecfg"
    },
    {
      "name": "BBP_CM2250_3.2.1.7_2008-09-26.ecfg",
      "type": "file",
      "size": 11307112,
      "modified": 1290966440.0,
      "extension": ".ecfg"
    },
    {
      "name": "BBP_CM2250_5.3.0.5_2009-03-25.ecfg",
      "type": "file",
      "size": 12326120,
      "modified": 1290966446.0,
      "extension": ".ecfg"
    },
    {
      "name": "BBP_CM2250_5.3.2.5_2009-08-12.ecfg",
      "type": "file",
      "size": 12770823,
      "modified": 1253570078.0,
      "extension": ".ecfg"
    },
    {
      "name": "BBP_CM2250_5.3.3.3_2009-11-10.ecfg",
      "type": "file",
      "size": 12913823,
      "modified": 1261098242.0,
      "extension": ".ecfg"
    },
    {
      "name": "BBP_CM2250_5.3.3.3_2009-11-10_1.ecfg",
      "type": "file",
      "size": 12913823,
      "modified": 1290946132.0,
      "extension": ".ecfg"
    },
    {
      "name": "BBP_CM2250_5.3.33.1_2009-02-26.ecfg",
      "type": "file",
      "size": 12121836,
      "modified": 1290966442.0,
      "extension": ".ecfg"
    },
    {
      "name": "BBP_CM2250_5.3.4.4_2010-04-14.ecfg",
      "type": "file",
      "size": 13014781,
      "modified": 1290946136.0,
      "extension": ".ecfg"
    },
    {
      "name": "BBP_CM2250_5.3.4.7_2010-10-12.ecfg",
      "type": "file",
      "size": 13082951,
      "modified": 1290944812.0,
      "extension": ".ecfg"
    },
    {
      "name": "BBP_CM2250_5.3.5.2_2011-05-25.ecfg",
      "type": "file",
      "size": 13212697,
      "modified": 1309306280.0,
      "extension": ".ecfg"
    },
    {
      "name": "BBP_CM2250_5.3.5.4_2011-11-16.ecfg",
      "type": "file",
      "size": 13229771,
      "modified": 1328341050.0,
      "extension": ".ecfg"
    },
    {
      "name": "BBP_CM2250_5.3.5.6_2012-06-26.ecfg",
      "type": "file",
      "size": 13262045,
      "modified": 1345619976.0,
      "extension": ".ecfg"
    },
    {
      "name": "BBP_CM2250_5.3.5.8_2012-11-07.ecfg",
      "type": "file",
      "size": 13511912,
      "modified": 1360278384.0,
      "extension": ".ecfg"
    },
    {
      "name": "BBP_CM2250_5.3.6.0_2013-06-14.ecfg",
      "type": "file",
      "size": 13665187,
      "modified": 1375835882.0,
      "extension": ".ecfg"
    }
  ],
  "depth": 2
}