{
  "name": "BBQ",
  "path": "- ECFG ECM -\\CM2250\\BBQ",
  "type": "folder",
  "item_count": 14,
  "items": [
    {
      "name": "BBQ_CM2250_23.0.0.8_2008-08-01.ecfg",
      "type": "file",
      "size": 11589712,
      "modified": 1290966546.0,
      "extension": ".ecfg"
    },
    {
      "name": "BBQ_CM2250_25.0.0.2_2013-02-07.ecfg",
      "type": "file",
      "size": 13188372,
      "modified": 1361334412.0,
      "extension": ".ecfg"
    },
    {
      "name": "BBQ_CM2250_25.0.0.6_2013-09-06.ecfg",
      "type": "file",
      "size": 13423366,
      "modified": 1391484130.0,
      "extension": ".ecfg"
    },
    {
      "name": "BBQ_CM2250_25.4.1.0_2009-06-07.ecfg",
      "type": "file",
      "size": 13106472,
      "modified": 1290966496.0,
      "extension": ".ecfg"
    },
    {
      "name": "BBQ_CM2250_25.4.2.2_2009-07-24.ecfg",
      "type": "file",
      "size": 13484727,
      "modified": 1290944838.0,
      "extension": ".ecfg"
    },
    {
      "name": "BBQ_CM2250_25.6.0.1_2010-03-04.ecfg",
      "type": "file",
      "size": 12832506,
      "modified": 1290944816.0,
      "extension": ".ecfg"
    },
    {
      "name": "BBQ_CM2250_25.6.0.1_2010-03-04_1.ecfg",
      "type": "file",
      "size": 8977642,
      "modified": 1301939966.0,
      "extension": ".ecfg"
    },
    {
      "name": "BBQ_CM2250_25.7.2.1_2010-09-23.ecfg",
      "type": "file",
      "size": 13036556,
      "modified": 1297810816.0,
      "extension": ".ecfg"
    },
    {
      "name": "BBQ_CM2250_25.7.3.0_2011-01-16.ecfg",
      "type": "file",
      "size": 13064639,
      "modified": 1300745828.0,
      "extension": ".ecfg"
    },
    {
      "name": "BBQ_CM2250_25.7.3.0_2011-01-16_1.ecfg",
      "type": "file",
      "size": 9199061,
      "modified": 1308856632.0,
      "extension": ".ecfg"
    },
    {
      "name": "BBQ_CM2250_25.8.4.0_2011-06-23.ecfg",
      "type": "file",
      "size": 13180327,
      "modified": 1324100846.0,
      "extension": ".ecfg"
    },
    {
      "name": "BBQ_CM2250_25.8.4.3_2012-01-11.ecfg",
      "type": "file",
      "size": 13180408,
      "modified": 1345791132.0,
      "extension": ".ecfg"
    },
    {
      "name": "BBQ_CM2250_25.8.4.4_2012-08-10.ecfg",
      "type": "file",
      "size": 13180629,
      "modified": 1366864968.0,
      "extension": ".ecfg"
    },
    {
      "name": "BBQ_CM2250_25.8.4.8_2013-04-03.ecfg",
      "type": "file",
      "size": 13187076,
      "modified": 1386211862.0,
      "extension": ".ecfg"
    }
  ],
  "depth": 2
}