{
  "name": "BBV",
  "path": "- ECFG ECM -\\CM2240\\BBV",
  "type": "folder",
  "item_count": 6,
  "items": [
    {
      "name": "BBV_CM2240_8.55.0.49_2010-06-01.ecfg",
      "type": "file",
      "size": 10444269,
      "modified": 1294351622.0,
      "extension": ".ecfg"
    },
    {
      "name": "BBV_CM2240_8.65.0.3_2012-06-25.ecfg",
      "type": "file",
      "size": 10884560,
      "modified": 1343349626.0,
      "extension": ".ecfg"
    },
    {
      "name": "BBV_CM2240_8.69.0.23_2008-09-09.ecfg",
      "type": "file",
      "size": 9898044,
      "modified": 1290941258.0,
      "extension": ".ecfg"
    },
    {
      "name": "BBV_CM2240_8.69.0.35_2008-10-20.ecfg",
      "type": "file",
      "size": 10029347,
      "modified": 1290944862.0,
      "extension": ".ecfg"
    },
    {
      "name": "BBV_CM2240_8.85.0.41_2009-02-06.ecfg",
      "type": "file",
      "size": 10166730,
      "modified": 1290941262.0,
      "extension": ".ecfg"
    },
    {
      "name": "BBV_CM2240_8.85.0.64_2009-07-23.ecfg",
      "type": "file",
      "size": 10351684,
      "modified": 1290944848.0,
      "extension": ".ecfg"
    }
  ],
  "depth": 2
}