{
  "name": "BBW",
  "path": "- ECFG ECM -\\CM2240\\BBW",
  "type": "folder",
  "item_count": 18,
  "items": [
    {
      "name": "BBW_CM2240_8.55.0.49_2010-06-01.ecfg",
      "type": "file",
      "size": 10444269,
      "modified": 1290944870.0,
      "extension": ".ecfg"
    },
    {
      "name": "BBW_CM2240_8.85.0.54_2009-06-01.ecfg",
      "type": "file",
      "size": 10323755,
      "modified": 1245886600.0,
      "extension": ".ecfg"
    },
    {
      "name": "BBW_CM2240_8.85.0.70_2010-01-20.ecfg",
      "type": "file",
      "size": 10435422,
      "modified": 1273529118.0,
      "extension": ".ecfg"
    },
    {
      "name": "BBW_CM2240_9.45.0.37_2010-10-25.ecfg",
      "type": "file",
      "size": 10597806,
      "modified": 1297379304.0,
      "extension": ".ecfg"
    },
    {
      "name": "BBW_CM2240_9.45.0.37_2010-10-25_1.ecfg",
      "type": "file",
      "size": 8676322,
      "modified": 1376889996.53125,
      "extension": ".ecfg"
    },
    {
      "name": "BBW_CM2240_9.45.0.37_2010-10-25_2.ecfg",
      "type": "file",
      "size": 8676322,
      "modified": 1587819844.0,
      "extension": ".ecfg"
    },
    {
      "name": "BBW_CM2240_9.45.0.39_2010-12-10.ecfg",
      "type": "file",
      "size": 10630552,
      "modified": 1307139708.0,
      "extension": ".ecfg"
    },
    {
      "name": "BBW_CM2240_9.45.0.42_2011-06-09.ecfg",
      "type": "file",
      "size": 10835747,
      "modified": 1309989014.0,
      "extension": ".ecfg"
    },
    {
      "name": "BBW_CM2240_9.45.0.43_2011-07-21.ecfg",
      "type": "file",
      "size": 10851744,
      "modified": 1314653526.0,
      "extension": ".ecfg"
    },
    {
      "name": "BBW_CM2240_9.45.0.44_2011-08-04.ecfg",
      "type": "file",
      "size": 10855942,
      "modified": 1611244598.0,
      "extension": ".ecfg"
    },
    {
      "name": "BBW_CM2240_9.45.0.45_2012-02-17.ecfg",
      "type": "file",
      "size": 10885342,
      "modified": 1334609256.0,
      "extension": ".ecfg"
    },
    {
      "name": "BBW_CM2240_9.45.0.46_2012-11-07.ecfg",
      "type": "file",
      "size": 10957394,
      "modified": 1363639776.0,
      "extension": ".ecfg"
    },
    {
      "name": "BBW_CM2240_9.45.0.47_2013-04-16.ecfg",
      "type": "file",
      "size": 10959723,
      "modified": 1368652024.0,
      "extension": ".ecfg"
    },
    {
      "name": "BBW_CM2240_9.45.0.48_2013-06-21.ecfg",
      "type": "file",
      "size": 10959854,
      "modified": 1375480642.0,
      "extension": ".ecfg"
    },
    {
      "name": "BBW_CM2240_9.45.0.49_2014-06-11.ecfg",
      "type": "file",
      "size": 11256904,
      "modified": 1422405938.0,
      "extension": ".ecfg"
    },
    {
      "name": "BBW_CM2240_9.69.0.40_2008-12-19.ecfg",
      "type": "file",
      "size": 10121491,
      "modified": 1290946196.0,
      "extension": ".ecfg"
    },
    {
      "name": "BBW_CM2240_9.69.0.41_2009-06-24.ecfg",
      "type": "file",
      "size": 10250515,
      "modified": 1266051714.0,
      "extension": ".ecfg"
    },
    {
      "name": "BBW_CM2240_9.75.0.0_2014-06-11.ecfg",
      "type": "file",
      "size": 11256902,
      "modified": 1426649350.0,
      "extension": ".ecfg"
    }
  ],
  "depth": 2
}