{
  "name": "BBX",
  "path": "- ECFG ECM -\\CM2240\\BBX",
  "type": "folder",
  "item_count": 10,
  "items": [
    {
      "name": "BBX_CM2240_8.53.0.16_2008-05-01.ecfg",
      "type": "file",
      "size": 9498414,
      "modified": 1290966638.0,
      "extension": ".ecfg"
    },
    {
      "name": "BBX_CM2240_8.53.0.37_2008-10-27.ecfg",
      "type": "file",
      "size": 10028000,
      "modified": 1290966648.0,
      "extension": ".ecfg"
    },
    {
      "name": "BBX_CM2240_8.53.0.48_2009-02-20.ecfg",
      "type": "file",
      "size": 10208011,
      "modified": 1290966654.0,
      "extension": ".ecfg"
    },
    {
      "name": "BBX_CM2240_8.53.0.51_2009-03-30.ecfg",
      "type": "file",
      "size": 10249131,
      "modified": 1290966662.0,
      "extension": ".ecfg"
    },
    {
      "name": "BBX_CM2240_8.53.0.53_2009-05-12.ecfg",
      "type": "file",
      "size": 10285846,
      "modified": 1290963068.0,
      "extension": ".ecfg"
    },
    {
      "name": "BBX_CM2240_8.53.0.55_2009-06-17.ecfg",
      "type": "file",
      "size": 10323630,
      "modified": 1290966676.0,
      "extension": ".ecfg"
    },
    {
      "name": "BBX_CM2240_8.53.0.64_2009-07-23.ecfg",
      "type": "file",
      "size": 10351684,
      "modified": 1290966682.0,
      "extension": ".ecfg"
    },
    {
      "name": "BBX_CM2240_8.53.0.65_2009-08-26.ecfg",
      "type": "file",
      "size": 10351811,
      "modified": 1290966684.0,
      "extension": ".ecfg"
    },
    {
      "name": "BBX_CM2240_8.53.0.71_2010-01-27.ecfg",
      "type": "file",
      "size": 10435422,
      "modified": 1290944876.0,
      "extension": ".ecfg"
    },
    {
      "name": "BBX_CM2240_8.53.153.6_2008-05-23.ecfg",
      "type": "file",
      "size": 9496141,
      "modified": 1290941254.0,
      "extension": ".ecfg"
    }
  ],
  "depth": 2
}