{
  "name": "BBY",
  "path": "- ECFG ECM -\\CM2240\\BBY",
  "type": "folder",
  "item_count": 3,
  "items": [
    {
      "name": "BBY_CM2240_8.53.0.48_2009-02-20.ecfg",
      "type": "file",
      "size": 10208011,
      "modified": 1290966766.0,
      "extension": ".ecfg"
    },
    {
      "name": "BBY_CM2240_8.53.0.65_2009-08-26.ecfg",
      "type": "file",
      "size": 10351811,
      "modified": 1290966768.0,
      "extension": ".ecfg"
    },
    {
      "name": "BBY_CM2240_8.53.0.71_2010-01-27.ecfg",
      "type": "file",
      "size": 10435422,
      "modified": 1290944884.0,
      "extension": ".ecfg"
    }
  ],
  "depth": 2
}