{
  "name": "BBZ",
  "path": "- ECFG ECM -\\CM2250\\BBZ",
  "type": "folder",
  "item_count": 28,
  "items": [
    {
      "name": "BBZ_CM2250_4.12.0.2_2008-07-15.ecfg",
      "type": "file",
      "size": 11223352,
      "modified": 1290984802.0,
      "extension": ".ecfg"
    },
    {
      "name": "BBZ_CM2250_5.12.0.7_2008-10-28.ecfg",
      "type": "file",
      "size": 12314714,
      "modified": 1290966790.0,
      "extension": ".ecfg"
    },
    {
      "name": "BBZ_CM2250_6.16.0.5_2009-07-27.ecfg",
      "type": "file",
      "size": 13628434,
      "modified": 1411309546.0,
      "extension": ".ecfg"
    },
    {
      "name": "BBZ_CM2250_7.10.0.7_2009-11-05.ecfg",
      "type": "file",
      "size": 13406776,
      "modified": 1259629198.0,
      "extension": ".ecfg"
    },
    {
      "name": "BBZ_CM2250_7.10.0.8_2009-12-08.ecfg",
      "type": "file",
      "size": 13798922,
      "modified": 1264052478.0,
      "extension": ".ecfg"
    },
    {
      "name": "BBZ_CM2250_7.10.0.8_2009-12-08_1.ecfg",
      "type": "file",
      "size": 13412206,
      "modified": 1290966816.0,
      "extension": ".ecfg"
    },
    {
      "name": "BBZ_CM2250_7.30.0.13_2010-03-15.ecfg",
      "type": "file",
      "size": 13455556,
      "modified": 1290946214.0,
      "extension": ".ecfg"
    },
    {
      "name": "BBZ_CM2250_7.40.0.6_2010-05-17.ecfg",
      "type": "file",
      "size": 13503065,
      "modified": 1275433242.0,
      "extension": ".ecfg"
    },
    {
      "name": "BBZ_CM2250_7.40.0.6_2010-05-17_1.ecfg",
      "type": "file",
      "size": 13892400,
      "modified": 1275520920.0,
      "extension": ".ecfg"
    },
    {
      "name": "BBZ_CM2250_7.40.0.6_2010-05-17_2.ecfg",
      "type": "file",
      "size": 13892400,
      "modified": 1411355990.0,
      "extension": ".ecfg"
    },
    {
      "name": "BBZ_CM2250_7.50.0.5_2010-07-16.ecfg",
      "type": "file",
      "size": 13964897,
      "modified": 1290964208.0,
      "extension": ".ecfg"
    },
    {
      "name": "BBZ_CM2250_7.50.0.5_2010-07-16_1.ecfg",
      "type": "file",
      "size": 13573629,
      "modified": 1290946224.0,
      "extension": ".ecfg"
    },
    {
      "name": "BBZ_CM2250_7.50.0.5_2010-07-16_2.ecfg",
      "type": "file",
      "size": 13573631,
      "modified": 1290946232.0,
      "extension": ".ecfg"
    },
    {
      "name": "BBZ_CM2250_7.60.0.4_2010-07-15.ecfg",
      "type": "file",
      "size": 13623073,
      "modified": 1280179888.0,
      "extension": ".ecfg"
    },
    {
      "name": "BBZ_CM2250_7.60.0.8_2010-09-27.ecfg",
      "type": "file",
      "size": 13675162,
      "modified": 1411356014.0,
      "extension": ".ecfg"
    },
    {
      "name": "BBZ_CM2250_7.70.0.14_2011-07-26.ecfg",
      "type": "file",
      "size": 13961987,
      "modified": 0.0,
      "extension": ".ecfg"
    },
    {
      "name": "BBZ_CM2250_7.70.0.21_2012-01-17.ecfg",
      "type": "file",
      "size": 14039176,
      "modified": 1348160128.0,
      "extension": ".ecfg"
    },
    {
      "name": "BBZ_CM2250_7.70.0.27_2011-07-26.ecfg",
      "type": "file",
      "size": 13961815,
      "modified": 1364457110.0,
      "extension": ".ecfg"
    },
    {
      "name": "BBZ_CM2250_7.70.0.27_2012-06-04.ecfg",
      "type": "file",
      "size": 14100540,
      "modified": 1420419748.0,
      "extension": ".ecfg"
    },
    {
      "name": "BBZ_CM2250_7.70.0.31_2012-09-06.ecfg",
      "type": "file",
      "size": 14138417,
      "modified": 1353402122.0,
      "extension": ".ecfg"
    },
    {
      "name": "BBZ_CM2250_7.70.0.3_2010-12-01.ecfg",
      "type": "file",
      "size": 13721409,
      "modified": 1294826024.0,
      "extension": ".ecfg"
    },
    {
      "name": "BBZ_CM2250_7.70.0.43_2013-03-12.ecfg",
      "type": "file",
      "size": 14269952,
      "modified": 1411355998.0,
      "extension": ".ecfg"
    },
    {
      "name": "BBZ_CM2250_7.70.0.4_2011-01-11.ecfg",
      "type": "file",
      "size": 13721415,
      "modified": 1411356022.0,
      "extension": ".ecfg"
    },
    {
      "name": "BBZ_CM2250_7.70.0.53_2013-08-21.ecfg",
      "type": "file",
      "size": 14428849,
      "modified": 1411309534.0,
      "extension": ".ecfg"
    },
    {
      "name": "BBZ_CM2250_7.70.0.62_2014-04-21.ecfg",
      "type": "file",
      "size": 14537254,
      "modified": 1415869380.0,
      "extension": ".ecfg"
    },
    {
      "name": "BBZ_CM2250_7.70.0.66_2015-05-12.ecfg",
      "type": "file",
      "size": 14537277,
      "modified": 1439907556.0,
      "extension": ".ecfg"
    },
    {
      "name": "BBZ_CM2250_7.70.0.71_2016-03-11.ecfg",
      "type": "file",
      "size": 14537277,
      "modified": 1513675230.0,
      "extension": ".ecfg"
    },
    {
      "name": "BBZ_CM2250_7.70.0.71_2016-04-22.ecfg",
      "type": "file",
      "size": 14717922,
      "modified": 1472713346.0,
      "extension": ".ecfg"
    }
  ],
  "depth": 2
}