{
  "name": "BCA",
  "path": "- ECFG ECM -\\CM2200\\BCA",
  "type": "folder",
  "item_count": 24,
  "items": [
    {
      "name": "BCA_CM2200_21.10.6.10_2009-12-16.ecfg",
      "type": "file",
      "size": 12854586,
      "modified": 1479162054.0,
      "extension": ".ecfg"
    },
    {
      "name": "BCA_CM2200_21.11.6.19_2010-08-11.ecfg",
      "type": "file",
      "size": 13042388,
      "modified": 1479162090.0,
      "extension": ".ecfg"
    },
    {
      "name": "BCA_CM2200_21.11.6.27_2011-09-22.ecfg",
      "type": "file",
      "size": 13176816,
      "modified": 1353503308.0,
      "extension": ".ecfg"
    },
    {
      "name": "BCA_CM2200_21.11.6.31_2013-02-07.ecfg",
      "type": "file",
      "size": 13285860,
      "modified": 1479162116.0,
      "extension": ".ecfg"
    },
    {
      "name": "BCA_CM2200_21.12.8.4_2011-09-21.ecfg",
      "type": "file",
      "size": 13234774,
      "modified": 1411359824.0,
      "extension": ".ecfg"
    },
    {
      "name": "BCA_CM2200_21.12.8.7_2013-01-17.ecfg",
      "type": "file",
      "size": 13293411,
      "modified": 1411313372.0,
      "extension": ".ecfg"
    },
    {
      "name": "BCA_CM2200_22.10.5.17_2009-09-17.ecfg",
      "type": "file",
      "size": 11256013,
      "modified": 1479158450.0,
      "extension": ".ecfg"
    },
    {
      "name": "BCA_CM2200_22.10.5.23_2009-12-04.ecfg",
      "type": "file",
      "size": 11335913,
      "modified": 1479162074.0,
      "extension": ".ecfg"
    },
    {
      "name": "BCA_CM2200_22.10.5.36_2011-11-10.ecfg",
      "type": "file",
      "size": 11489477,
      "modified": 1438219652.0,
      "extension": ".ecfg"
    },
    {
      "name": "BCA_CM2200_22.10.5.38_2012-09-13.ecfg",
      "type": "file",
      "size": 11424239,
      "modified": 1355302906.0,
      "extension": ".ecfg"
    },
    {
      "name": "BCA_CM2200_22.11.57.5_2011-11-15.ecfg",
      "type": "file",
      "size": 11414255,
      "modified": 1321664882.0,
      "extension": ".ecfg"
    },
    {
      "name": "BCA_CM2200_22.11.57.9_2012-08-30.ecfg",
      "type": "file",
      "size": 11428328,
      "modified": 1479162128.0,
      "extension": ".ecfg"
    },
    {
      "name": "BCA_CM2200_22.11.6.8_2010-04-13.ecfg",
      "type": "file",
      "size": 11347649,
      "modified": 1479162068.0,
      "extension": ".ecfg"
    },
    {
      "name": "BCA_CM2200_22.11.7.4_2011-11-15.ecfg",
      "type": "file",
      "size": 11413674,
      "modified": 1321664874.0,
      "extension": ".ecfg"
    },
    {
      "name": "BCA_CM2200_22.11.7.8_2012-08-30.ecfg",
      "type": "file",
      "size": 11427749,
      "modified": 1479162122.0,
      "extension": ".ecfg"
    },
    {
      "name": "BCA_CM2200_22.12.7.0_2010-11-06.ecfg",
      "type": "file",
      "size": 11411378,
      "modified": 1479162094.0,
      "extension": ".ecfg"
    },
    {
      "name": "BCA_CM2200_22.12.8.13_2011-11-01.ecfg",
      "type": "file",
      "size": 11432314,
      "modified": 1321055914.0,
      "extension": ".ecfg"
    },
    {
      "name": "BCA_CM2200_22.12.8.16_2012-06-21.ecfg",
      "type": "file",
      "size": 11441112,
      "modified": 1341561670.0,
      "extension": ".ecfg"
    },
    {
      "name": "BCA_CM2200_22.12.8.17_2012-08-13.ecfg",
      "type": "file",
      "size": 11442981,
      "modified": 1479162148.0,
      "extension": ".ecfg"
    },
    {
      "name": "BCA_CM2200_22.12.8.18_2013-05-16.ecfg",
      "type": "file",
      "size": 11446364,
      "modified": 1411313386.0,
      "extension": ".ecfg"
    },
    {
      "name": "BCA_CM2200_23.10.6.1_2009-12-16.ecfg",
      "type": "file",
      "size": 11242903,
      "modified": 1479162080.0,
      "extension": ".ecfg"
    },
    {
      "name": "BCA_CM2200_23.11.7.5_2010-09-20.ecfg",
      "type": "file",
      "size": 11309572,
      "modified": 1479162114.0,
      "extension": ".ecfg"
    },
    {
      "name": "BCA_CM2200_23.12.8.4_2011-03-28.ecfg",
      "type": "file",
      "size": 11430561,
      "modified": 1479169298.0,
      "extension": ".ecfg"
    },
    {
      "name": "BCA_CM2200_24.12.8.6_2011-05-04.ecfg",
      "type": "file",
      "size": 11442107,
      "modified": 1479129742.0,
      "extension": ".ecfg"
    }
  ],
  "depth": 2
}