{
  "name": "BCC",
  "path": "- ECFG ECM -\\CM2250\\BCC",
  "type": "folder",
  "item_count": 9,
  "items": [
    {
      "name": "BCC_CM2250_26.0.2.0_2010-07-23.ecfg",
      "type": "file",
      "size": 12704818,
      "modified": 1290949912.0,
      "extension": ".ecfg"
    },
    {
      "name": "BCC_CM2250_26.0.4.0_2010-08-23.ecfg",
      "type": "file",
      "size": 12616624,
      "modified": 1296603274.0,
      "extension": ".ecfg"
    },
    {
      "name": "BCC_CM2250_26.0.4.0_2010-08-23_1.ecfg",
      "type": "file",
      "size": 8974795,
      "modified": 1305570632.0,
      "extension": ".ecfg"
    },
    {
      "name": "BCC_CM2250_26.0.5.1_2011-02-04.ecfg",
      "type": "file",
      "size": 12856505,
      "modified": 1411309798.0,
      "extension": ".ecfg"
    },
    {
      "name": "BCC_CM2250_26.0.5.1_2011-02-04_1.ecfg",
      "type": "file",
      "size": 13226016,
      "modified": 1307660270.0,
      "extension": ".ecfg"
    },
    {
      "name": "BCC_CM2250_26.0.6.4_2011-08-12.ecfg",
      "type": "file",
      "size": 13398083,
      "modified": 1317465844.0,
      "extension": ".ecfg"
    },
    {
      "name": "BCC_CM2250_26.0.7.1_2011-09-29.ecfg",
      "type": "file",
      "size": 13054567,
      "modified": 1411356332.0,
      "extension": ".ecfg"
    },
    {
      "name": "BCC_CM2250_26.2.0.6_2013-09-26.ecfg",
      "type": "file",
      "size": 13396239,
      "modified": 1411313428.0,
      "extension": ".ecfg"
    },
    {
      "name": "BCC_CM2250_26.3.0.1_2015-01-12.ecfg",
      "type": "file",
      "size": 13656775,
      "modified": 1465948212.0,
      "extension": ".ecfg"
    }
  ],
  "depth": 2
}