{
  "name": "BCG",
  "path": "- ECFG ECM -\\CM2350\\BCG",
  "type": "folder",
  "item_count": 20,
  "items": [
    {
      "name": "BCG_CM2350A_30.3.0.2_2010-11-23.ecfg",
      "type": "file",
      "size": 13191312,
      "modified": 1301956474.0,
      "extension": ".ecfg"
    },
    {
      "name": "BCG_CM2350A_32.3.10.5_2012-02-22.ecfg",
      "type": "file",
      "size": 14309334,
      "modified": 1341013962.0,
      "extension": ".ecfg"
    },
    {
      "name": "BCG_CM2350A_32.4.0.9_2012-10-03.ecfg",
      "type": "file",
      "size": 14343536,
      "modified": 1411356402.0,
      "extension": ".ecfg"
    },
    {
      "name": "BCG_CM2350A_32.4.1.8_2013-08-14.ecfg",
      "type": "file",
      "size": 15371905,
      "modified": 1411320636.0,
      "extension": ".ecfg"
    },
    {
      "name": "BCG_CM2350A_32.4.2.4_2014-03-12.ecfg",
      "type": "file",
      "size": 15977160,
      "modified": 1411320628.0,
      "extension": ".ecfg"
    },
    {
      "name": "BCG_CM2350A_32.4.2.8_2014-08-25.ecfg",
      "type": "file",
      "size": 15724918,
      "modified": 1411324248.0,
      "extension": ".ecfg"
    },
    {
      "name": "BCG_CM2350A_32.4.3.11_2015-10-23.ecfg",
      "type": "file",
      "size": 16752165,
      "modified": 1467938946.0,
      "extension": ".ecfg"
    },
    {
      "name": "BCG_CM2350A_32.4.3.11_2016-12-16.ecfg",
      "type": "file",
      "size": 16752366,
      "modified": 1483744998.0,
      "extension": ".ecfg"
    },
    {
      "name": "BCG_CM2350A_32.4.3.14_2016-08-31.ecfg",
      "type": "file",
      "size": 18608886,
      "modified": 1481067666.0,
      "extension": ".ecfg"
    },
    {
      "name": "BCG_CM2350A_32.4.3.14_2016-12-16.ecfg",
      "type": "file",
      "size": 18609045,
      "modified": 1484071542.0,
      "extension": ".ecfg"
    },
    {
      "name": "BCG_CM2350A_32.4.3.15_2017-01-09.ecfg",
      "type": "file",
      "size": 18741689,
      "modified": 1493328744.0,
      "extension": ".ecfg"
    },
    {
      "name": "BCG_CM2350A_32.4.3.16_2017-03-31.ecfg",
      "type": "file",
      "size": 19274225,
      "modified": 1495727416.0,
      "extension": ".ecfg"
    },
    {
      "name": "BCG_CM2350A_32.4.3.16_2017-03-31_1.ecfg",
      "type": "file",
      "size": 19274222,
      "modified": 1491504730.0,
      "extension": ".ecfg"
    },
    {
      "name": "BCG_CM2350A_32.4.3.17_2017-09-13.ecfg",
      "type": "file",
      "size": 19459900,
      "modified": 1505825814.0,
      "extension": ".ecfg"
    },
    {
      "name": "BCG_CM2350A_32.4.3.18_2018-05-30.ecfg",
      "type": "file",
      "size": 19815818,
      "modified": 1528323180.0,
      "extension": ".ecfg"
    },
    {
      "name": "BCG_CM2350A_32.4.3.2_2014-10-28.ecfg",
      "type": "file",
      "size": 16107228,
      "modified": 1426638536.0,
      "extension": ".ecfg"
    },
    {
      "name": "BCG_CM2350A_32.4.3.2_2015-04-06.ecfg",
      "type": "file",
      "size": 16107240,
      "modified": 1428735330.0,
      "extension": ".ecfg"
    },
    {
      "name": "BCG_CM2350A_32.4.3.5_2015-04-24.ecfg",
      "type": "file",
      "size": 16301137,
      "modified": 1443265600.0,
      "extension": ".ecfg"
    },
    {
      "name": "BCG_CM2350A_32.4.3.5_2015-10-19.ecfg",
      "type": "file",
      "size": 16301256,
      "modified": 1446283838.0,
      "extension": ".ecfg"
    },
    {
      "name": "BCG_CM2350A_32.4.3.5_2015-12-14.ecfg",
      "type": "file",
      "size": 16301256,
      "modified": 1450321818.0,
      "extension": ".ecfg"
    }
  ],
  "depth": 2
}