{
  "name": "BCH",
  "path": "- ECFG ECM -\\CM2350\\BCH",
  "type": "folder",
  "item_count": 19,
  "items": [
    {
      "name": "BCH_CM2350A_8.5.0.20_2010-01-18.ecfg",
      "type": "file",
      "size": 8941776,
      "modified": 1411356478.0,
      "extension": ".ecfg"
    },
    {
      "name": "BCH_CM2350A_8.5.0.40_2011-04-01.ecfg",
      "type": "file",
      "size": 9494891,
      "modified": 1411356508.0,
      "extension": ".ecfg"
    },
    {
      "name": "BCH_CM2350A_8.5.0.45_2011-09-28.ecfg",
      "type": "file",
      "size": 9592262,
      "modified": 1411356518.0,
      "extension": ".ecfg"
    },
    {
      "name": "BCH_CM2350A_8.5.0.45_2011-10-03.ecfg",
      "type": "file",
      "size": 9592272,
      "modified": 1411356438.0,
      "extension": ".ecfg"
    },
    {
      "name": "BCH_CM2350A_8.5.0.46_2012-01-24.ecfg",
      "type": "file",
      "size": 9591668,
      "modified": 1411360130.0,
      "extension": ".ecfg"
    },
    {
      "name": "BCH_CM2350A_8.5.0.51_2012-07-19.ecfg",
      "type": "file",
      "size": 9782931,
      "modified": 1411356446.0,
      "extension": ".ecfg"
    },
    {
      "name": "BCH_CM2350A_8.5.0.56_2013-07-19.ecfg",
      "type": "file",
      "size": 10166919,
      "modified": 1411320692.0,
      "extension": ".ecfg"
    },
    {
      "name": "BCH_CM2350A_8.5.0.60_2014-04-30.ecfg",
      "type": "file",
      "size": 10299293,
      "modified": 1421816160.0,
      "extension": ".ecfg"
    },
    {
      "name": "BCH_CM2350A_8.5.0.67_2016-06-20.ecfg",
      "type": "file",
      "size": 10503087,
      "modified": 1481933008.0,
      "extension": ".ecfg"
    },
    {
      "name": "BCH_CM2350A_8.5.1.51_2012-07-20.ecfg",
      "type": "file",
      "size": 9782935,
      "modified": 1411356462.0,
      "extension": ".ecfg"
    },
    {
      "name": "BCH_CM2350A_8.5.1.56_2013-07-23.ecfg",
      "type": "file",
      "size": 10166923,
      "modified": 1411320696.0,
      "extension": ".ecfg"
    },
    {
      "name": "BCH_CM2350A_8.5.1.60_2014-04-30.ecfg",
      "type": "file",
      "size": 10299297,
      "modified": 1420763496.0,
      "extension": ".ecfg"
    },
    {
      "name": "BCH_CM2350A_8.5.2.51_2012-07-23.ecfg",
      "type": "file",
      "size": 9782941,
      "modified": 1411356462.0,
      "extension": ".ecfg"
    },
    {
      "name": "BCH_CM2350A_8.5.2.56_2013-07-23.ecfg",
      "type": "file",
      "size": 10166929,
      "modified": 1411320710.0,
      "extension": ".ecfg"
    },
    {
      "name": "BCH_CM2350A_8.5.2.60_2014-04-30.ecfg",
      "type": "file",
      "size": 10299303,
      "modified": 1420763496.0,
      "extension": ".ecfg"
    },
    {
      "name": "BCH_CM2350A_8.5.4.67_2016-06-22.ecfg",
      "type": "file",
      "size": 10503089,
      "modified": 1478049062.0,
      "extension": ".ecfg"
    },
    {
      "name": "BCH_CM2350A_8.5.4.68_2016-09-30.ecfg",
      "type": "file",
      "size": 10802388,
      "modified": 1494479500.0,
      "extension": ".ecfg"
    },
    {
      "name": "BCH_CM2350A_8.5.5.67_2017-01-27.ecfg",
      "type": "file",
      "size": 10802549,
      "modified": 1489988302.0,
      "extension": ".ecfg"
    },
    {
      "name": "BCH_CM2350A_8.8.0.60_2014-06-05.ecfg",
      "type": "file",
      "size": 8807451,
      "modified": 1417479374.0,
      "extension": ".ecfg"
    }
  ],
  "depth": 2
}