{
  "name": "BCK",
  "path": "- ECFG ECM -\\CM2350\\BCK",
  "type": "folder",
  "item_count": 21,
  "items": [
    {
      "name": "BCK_CM2350A_30.3.0.2_2010-11-23.ecfg",
      "type": "file",
      "size": 12821802,
      "modified": 1303894238.0,
      "extension": ".ecfg"
    },
    {
      "name": "BCK_CM2350A_31.3.10.3_2011-08-17.ecfg",
      "type": "file",
      "size": 13245404,
      "modified": 1411356608.0,
      "extension": ".ecfg"
    },
    {
      "name": "BCK_CM2350A_32.3.10.4_2012-01-24.ecfg",
      "type": "file",
      "size": 13887932,
      "modified": 1346292832.0,
      "extension": ".ecfg"
    },
    {
      "name": "BCK_CM2350A_32.4.0.3_2012-04-25.ecfg",
      "type": "file",
      "size": 14756720,
      "modified": 1411320718.0,
      "extension": ".ecfg"
    },
    {
      "name": "BCK_CM2350A_32.4.0.9_2012-10-03.ecfg",
      "type": "file",
      "size": 13944058,
      "modified": 1411320736.0,
      "extension": ".ecfg"
    },
    {
      "name": "BCK_CM2350A_32.4.1.8_2013-08-14.ecfg",
      "type": "file",
      "size": 15371905,
      "modified": 1384815622.0,
      "extension": ".ecfg"
    },
    {
      "name": "BCK_CM2350A_32.4.2.4_2014-03-12.ecfg",
      "type": "file",
      "size": 15530954,
      "modified": 1411320776.0,
      "extension": ".ecfg"
    },
    {
      "name": "BCK_CM2350A_32.4.2.6_2014-05-14.ecfg",
      "type": "file",
      "size": 15724914,
      "modified": 1411320726.0,
      "extension": ".ecfg"
    },
    {
      "name": "BCK_CM2350A_32.4.3.11_2015-10-23.ecfg",
      "type": "file",
      "size": 16752165,
      "modified": 1471995672.0,
      "extension": ".ecfg"
    },
    {
      "name": "BCK_CM2350A_32.4.3.13_2016-06-23.ecfg",
      "type": "file",
      "size": 18515664,
      "modified": 1478734840.0,
      "extension": ".ecfg"
    },
    {
      "name": "BCK_CM2350A_32.4.3.14_2016-08-31.ecfg",
      "type": "file",
      "size": 18608886,
      "modified": 1481067714.0,
      "extension": ".ecfg"
    },
    {
      "name": "BCK_CM2350A_32.4.3.15_2017-01-09.ecfg",
      "type": "file",
      "size": 18741689,
      "modified": 1484053642.0,
      "extension": ".ecfg"
    },
    {
      "name": "BCK_CM2350A_32.4.3.16_2017-03-31.ecfg",
      "type": "file",
      "size": 19274222,
      "modified": 1490973892.0,
      "extension": ".ecfg"
    },
    {
      "name": "BCK_CM2350A_32.4.3.17_2017-09-13.ecfg",
      "type": "file",
      "size": 19459900,
      "modified": 1505326824.0,
      "extension": ".ecfg"
    },
    {
      "name": "BCK_CM2350A_32.4.3.17_2018-05-29.ecfg",
      "type": "file",
      "size": 19463118,
      "modified": 1527622602.0,
      "extension": ".ecfg"
    },
    {
      "name": "BCK_CM2350A_32.4.3.18_2018-05-30.ecfg",
      "type": "file",
      "size": 19815818,
      "modified": 1527694764.0,
      "extension": ".ecfg"
    },
    {
      "name": "BCK_CM2350A_32.4.3.18_2018-05-31.ecfg",
      "type": "file",
      "size": 19815826,
      "modified": 1527827222.0,
      "extension": ".ecfg"
    },
    {
      "name": "BCK_CM2350A_32.4.3.2_2014-10-28.ecfg",
      "type": "file",
      "size": 16107228,
      "modified": 1423615876.0,
      "extension": ".ecfg"
    },
    {
      "name": "BCK_CM2350A_32.4.3.2_2015-04-06.ecfg",
      "type": "file",
      "size": 16107240,
      "modified": 1429920634.0,
      "extension": ".ecfg"
    },
    {
      "name": "BCK_CM2350A_32.4.3.5_2015-04-24.ecfg",
      "type": "file",
      "size": 16301137,
      "modified": 1432172220.0,
      "extension": ".ecfg"
    },
    {
      "name": "BCK_CM2350A_32.4.3.9_2015-08-26.ecfg",
      "type": "file",
      "size": 16459537,
      "modified": 1452047658.0,
      "extension": ".ecfg"
    }
  ],
  "depth": 2
}