{
  "name": "BCL",
  "path": "- ECFG ECM -\\CM2350\\BCL",
  "type": "folder",
  "item_count": 21,
  "items": [
    {
      "name": "BCL_CM2350A_31.3.10.3_2011-08-17.ecfg",
      "type": "file",
      "size": 9239099,
      "modified": 1411356678.0,
      "extension": ".ecfg"
    },
    {
      "name": "BCL_CM2350A_31.3.10.3_2011-08-17_1.ecfg",
      "type": "file",
      "size": 9239099,
      "modified": 1411356676.0,
      "extension": ".ecfg"
    },
    {
      "name": "BCL_CM2350A_32.4.0.3_2012-04-25.ecfg",
      "type": "file",
      "size": 10562606,
      "modified": 1411356662.0,
      "extension": ".ecfg"
    },
    {
      "name": "BCL_CM2350A_32.4.0.9_2012-10-17.ecfg",
      "type": "file",
      "size": 9616796,
      "modified": 1357288638.0,
      "extension": ".ecfg"
    },
    {
      "name": "BCL_CM2350A_32.4.0.9_2013-02-07.ecfg",
      "type": "file",
      "size": 9618137,
      "modified": 1411356690.0,
      "extension": ".ecfg"
    },
    {
      "name": "BCL_CM2350A_32.4.1.8_2013-08-14.ecfg",
      "type": "file",
      "size": 10734804,
      "modified": 1384815656.0,
      "extension": ".ecfg"
    },
    {
      "name": "BCL_CM2350A_32.4.2.4_2014-03-12.ecfg",
      "type": "file",
      "size": 10893263,
      "modified": 1411320958.0,
      "extension": ".ecfg"
    },
    {
      "name": "BCL_CM2350A_32.4.2.6_2014-05-14.ecfg",
      "type": "file",
      "size": 10951461,
      "modified": 1411324400.0,
      "extension": ".ecfg"
    },
    {
      "name": "BCL_CM2350A_32.4.3.11_2015-10-23.ecfg",
      "type": "file",
      "size": 11683756,
      "modified": 1471995700.0,
      "extension": ".ecfg"
    },
    {
      "name": "BCL_CM2350A_32.4.3.13_2016-06-23.ecfg",
      "type": "file",
      "size": 13094933,
      "modified": 1478727672.0,
      "extension": ".ecfg"
    },
    {
      "name": "BCL_CM2350A_32.4.3.14_2016-08-31.ecfg",
      "type": "file",
      "size": 13190359,
      "modified": 1481067740.0,
      "extension": ".ecfg"
    },
    {
      "name": "BCL_CM2350A_32.4.3.15_2017-01-09.ecfg",
      "type": "file",
      "size": 13307612,
      "modified": 1494451706.0,
      "extension": ".ecfg"
    },
    {
      "name": "BCL_CM2350A_32.4.3.16_2017-03-31.ecfg",
      "type": "file",
      "size": 13366354,
      "modified": 1490973906.0,
      "extension": ".ecfg"
    },
    {
      "name": "BCL_CM2350A_32.4.3.17_2017-09-13.ecfg",
      "type": "file",
      "size": 13540843,
      "modified": 1505326880.0,
      "extension": ".ecfg"
    },
    {
      "name": "BCL_CM2350A_32.4.3.17_2018-05-30.ecfg",
      "type": "file",
      "size": 13544059,
      "modified": 1527690416.0,
      "extension": ".ecfg"
    },
    {
      "name": "BCL_CM2350A_32.4.3.18_2018-05-30.ecfg",
      "type": "file",
      "size": 13677719,
      "modified": 1527695546.0,
      "extension": ".ecfg"
    },
    {
      "name": "BCL_CM2350A_32.4.3.18_2018-05-31.ecfg",
      "type": "file",
      "size": 13677727,
      "modified": 1527827786.0,
      "extension": ".ecfg"
    },
    {
      "name": "BCL_CM2350A_32.4.3.2_2014-10-28.ecfg",
      "type": "file",
      "size": 11224573,
      "modified": 1423615922.0,
      "extension": ".ecfg"
    },
    {
      "name": "BCL_CM2350A_32.4.3.2_2015-04-17.ecfg",
      "type": "file",
      "size": 11224585,
      "modified": 1429920636.0,
      "extension": ".ecfg"
    },
    {
      "name": "BCL_CM2350A_32.4.3.5_2015-04-24.ecfg",
      "type": "file",
      "size": 11389019,
      "modified": 1432172232.0,
      "extension": ".ecfg"
    },
    {
      "name": "BCL_CM2350A_32.4.3.9_2015-08-26.ecfg",
      "type": "file",
      "size": 11424968,
      "modified": 1452044124.0,
      "extension": ".ecfg"
    }
  ],
  "depth": 2
}