{
  "name": "BCM",
  "path": "- ECFG ECM -\\CM2180\\BCM",
  "type": "folder",
  "item_count": 13,
  "items": [
    {
      "name": "BCM_CM2180A_24.12.1.32_2009-11-24.ecfg",
      "type": "file",
      "size": 6239012,
      "modified": 1411356848.0,
      "extension": ".ecfg"
    },
    {
      "name": "BCM_CM2180A_24.12.1.37_2010-04-06.ecfg",
      "type": "file",
      "size": 6293712,
      "modified": 1487918434.0,
      "extension": ".ecfg"
    },
    {
      "name": "BCM_CM2180A_24.12.1.37_2010-04-06_1.ecfg",
      "type": "file",
      "size": 6294734,
      "modified": 1411360454.0,
      "extension": ".ecfg"
    },
    {
      "name": "BCM_CM2180A_24.12.1.8_2009-05-22.ecfg",
      "type": "file",
      "size": 6209108,
      "modified": 1411356844.0,
      "extension": ".ecfg"
    },
    {
      "name": "BCM_CM2180A_24.12.2.11_2010-11-23.ecfg",
      "type": "file",
      "size": 6323408,
      "modified": 1411356860.0,
      "extension": ".ecfg"
    },
    {
      "name": "BCM_CM2180A_24.12.4.10_2012-08-24.ecfg",
      "type": "file",
      "size": 6490117,
      "modified": 1351324978.0,
      "extension": ".ecfg"
    },
    {
      "name": "BCM_CM2180A_24.12.4.17_2013-03-13.ecfg",
      "type": "file",
      "size": 6491757,
      "modified": 1411309862.0,
      "extension": ".ecfg"
    },
    {
      "name": "BCM_CM2180A_24.12.4.17_2013-03-14.ecfg",
      "type": "file",
      "size": 6497368,
      "modified": 1411309856.0,
      "extension": ".ecfg"
    },
    {
      "name": "BCM_CM2180A_24.12.4.23_2013-11-11.ecfg",
      "type": "file",
      "size": 6507913,
      "modified": 1459214176.0,
      "extension": ".ecfg"
    },
    {
      "name": "BCM_CM2180A_24.12.4.23_2015-02-19.ecfg",
      "type": "file",
      "size": 6508052,
      "modified": 1455320224.0,
      "extension": ".ecfg"
    },
    {
      "name": "BCM_CM2180A_24.12.4.8_2012-06-11.ecfg",
      "type": "file",
      "size": 6487874,
      "modified": 1438381830.0,
      "extension": ".ecfg"
    },
    {
      "name": "BCM_CM2180A_24.63.5.15_2015-01-22.ecfg",
      "type": "file",
      "size": 6716222,
      "modified": 1442296250.0,
      "extension": ".ecfg"
    },
    {
      "name": "BCM_CM2180A_24.63.5.5_2013-08-20.ecfg",
      "type": "file",
      "size": 6648776,
      "modified": 1411309854.0,
      "extension": ".ecfg"
    }
  ],
  "depth": 2
}