{
  "name": "BCW",
  "path": "- ECFG ECM -\\CM2180\\BCW",
  "type": "folder",
  "item_count": 16,
  "items": [
    {
      "name": "BCW_CM2180A_25.22.38.58_2011-10-16.ecfg",
      "type": "file",
      "size": 8088846,
      "modified": 1353517338.0,
      "extension": ".ecfg"
    },
    {
      "name": "BCW_CM2180A_25.23.41.41_2013-09-24.ecfg",
      "type": "file",
      "size": 8522781,
      "modified": 1411356934.0,
      "extension": ".ecfg"
    },
    {
      "name": "BCW_CM2180A_25.23.41.73_2014-02-01.ecfg",
      "type": "file",
      "size": 8542095,
      "modified": 1411320998.0,
      "extension": ".ecfg"
    },
    {
      "name": "BCW_CM2180A_25.23.41.8_2013-04-17.ecfg",
      "type": "file",
      "size": 8450126,
      "modified": 1411356932.0,
      "extension": ".ecfg"
    },
    {
      "name": "BCW_CM2180A_25.23.43.3_2014-02-07.ecfg",
      "type": "file",
      "size": 8594529,
      "modified": 1411321004.0,
      "extension": ".ecfg"
    },
    {
      "name": "BCW_CM2180A_25.23.43.99_2014-10-27.ecfg",
      "type": "file",
      "size": 8633211,
      "modified": 1416560464.0,
      "extension": ".ecfg"
    },
    {
      "name": "BCW_CM2180A_25.23.44.56_2015-01-26.ecfg",
      "type": "file",
      "size": 8953417,
      "modified": 1427497942.0,
      "extension": ".ecfg"
    },
    {
      "name": "BCW_CM2180A_25.23.44.57_2015-09-17.ecfg",
      "type": "file",
      "size": 8953362,
      "modified": 1450321804.0,
      "extension": ".ecfg"
    },
    {
      "name": "BCW_CM2180A_25.23.45.56_2015-09-15.ecfg",
      "type": "file",
      "size": 9018561,
      "modified": 1457402446.0,
      "extension": ".ecfg"
    },
    {
      "name": "BCW_CM2180A_25.23.45.57_2016-04-29.ecfg",
      "type": "file",
      "size": 9018563,
      "modified": 1479277908.0,
      "extension": ".ecfg"
    },
    {
      "name": "BCW_CM2180A_25.23.46.26_2016-09-09.ecfg",
      "type": "file",
      "size": 9174947,
      "modified": 1481255960.0,
      "extension": ".ecfg"
    },
    {
      "name": "BCW_CM2180A_25.23.46.34_2017-02-07.ecfg",
      "type": "file",
      "size": 9229981,
      "modified": 1492122684.0,
      "extension": ".ecfg"
    },
    {
      "name": "BCW_CM2180A_25.23.46.35_2017-04-10.ecfg",
      "type": "file",
      "size": 9238583,
      "modified": 1492020620.0,
      "extension": ".ecfg"
    },
    {
      "name": "BCW_CM2180A_25.23.46.93_2016-09-06.ecfg",
      "type": "file",
      "size": 9116248,
      "modified": 1473742620.0,
      "extension": ".ecfg"
    },
    {
      "name": "BCW_CM2180A_25.23.48.5_2017-08-23.ecfg",
      "type": "file",
      "size": 9301980,
      "modified": 1503497494.0,
      "extension": ".ecfg"
    },
    {
      "name": "BCW_CM2180A_25.23.48.7_2018-02-16.ecfg",
      "type": "file",
      "size": 9304540,
      "modified": 1519334930.0,
      "extension": ".ecfg"
    }
  ],
  "depth": 2
}