{
  "name": "BDC",
  "path": "- ECFG ECM -\\CM2350\\BDC",
  "type": "folder",
  "item_count": 56,
  "items": [
    {
      "name": "BDC_CM2350B_22.13.2.1_2011-02-25.ecfg",
      "type": "file",
      "size": 12763370,
      "modified": 1544220034.0,
      "extension": ".ecfg"
    },
    {
      "name": "BDC_CM2350B_31.13.27.1_2016-02-24.ecfg",
      "type": "file",
      "size": 16729317,
      "modified": 1479161760.0,
      "extension": ".ecfg"
    },
    {
      "name": "BDC_CM2350B_31.13.7.1_2016-02-24.ecfg",
      "type": "file",
      "size": 16393879,
      "modified": 1479129262.0,
      "extension": ".ecfg"
    },
    {
      "name": "BDC_CM2350B_31.14.25.1_2016-02-24.ecfg",
      "type": "file",
      "size": 16810486,
      "modified": 1479129366.0,
      "extension": ".ecfg"
    },
    {
      "name": "BDC_CM2350B_31.14.5.1_2016-02-24.ecfg",
      "type": "file",
      "size": 16473157,
      "modified": 1479158056.0,
      "extension": ".ecfg"
    },
    {
      "name": "BDC_CM2350B_31.15.0.13_2013-11-15.ecfg",
      "type": "file",
      "size": 16740398,
      "modified": 1479168802.0,
      "extension": ".ecfg"
    },
    {
      "name": "BDC_CM2350B_31.15.0.19_2014-03-10.ecfg",
      "type": "file",
      "size": 16940115,
      "modified": 1479129236.0,
      "extension": ".ecfg"
    },
    {
      "name": "BDC_CM2350B_31.15.1.1_2014-06-26.ecfg",
      "type": "file",
      "size": 16940703,
      "modified": 1479129282.0,
      "extension": ".ecfg"
    },
    {
      "name": "BDC_CM2350B_31.15.24.0_2015-12-14.ecfg",
      "type": "file",
      "size": 16699214,
      "modified": 1479129372.0,
      "extension": ".ecfg"
    },
    {
      "name": "BDC_CM2350B_31.15.4.0_2015-12-14.ecfg",
      "type": "file",
      "size": 16601072,
      "modified": 1479129356.0,
      "extension": ".ecfg"
    },
    {
      "name": "BDC_CM2350B_31.16.0.9_2014-10-31.ecfg",
      "type": "file",
      "size": 17602949,
      "modified": 1479129308.0,
      "extension": ".ecfg"
    },
    {
      "name": "BDC_CM2350B_31.16.2.0_2015-10-28.ecfg",
      "type": "file",
      "size": 17237595,
      "modified": 1479129416.0,
      "extension": ".ecfg"
    },
    {
      "name": "BDC_CM2350B_31.16.51.3_2015-10-28.ecfg",
      "type": "file",
      "size": 17458525,
      "modified": 1479158150.0,
      "extension": ".ecfg"
    },
    {
      "name": "BDC_CM2350B_31.17.0.12_2015-10-14.ecfg",
      "type": "file",
      "size": 17221509,
      "modified": 1479129404.0,
      "extension": ".ecfg"
    },
    {
      "name": "BDC_CM2350B_31.17.0.12_2015-10-14_1.ecfg",
      "type": "file",
      "size": 17221503,
      "modified": 1479129410.0,
      "extension": ".ecfg"
    },
    {
      "name": "BDC_CM2350B_31.17.1.1_2016-03-23.ecfg",
      "type": "file",
      "size": 17239412,
      "modified": 1479158238.0,
      "extension": ".ecfg"
    },
    {
      "name": "BDC_CM2350B_31.61.21.18_2012-01-26.ecfg",
      "type": "file",
      "size": 15084253,
      "modified": 1544220034.0,
      "extension": ".ecfg"
    },
    {
      "name": "BDC_CM2350B_31.61.22.26_2012-04-17.ecfg",
      "type": "file",
      "size": 15565453,
      "modified": 1544220036.0,
      "extension": ".ecfg"
    },
    {
      "name": "BDC_CM2350B_31.61.22.30_2012-06-28.ecfg",
      "type": "file",
      "size": 15824171,
      "modified": 1353517848.0,
      "extension": ".ecfg"
    },
    {
      "name": "BDC_CM2350B_31.61.22.31_2012-08-15.ecfg",
      "type": "file",
      "size": 16050418,
      "modified": 1353517950.0,
      "extension": ".ecfg"
    },
    {
      "name": "BDC_CM2350B_31.61.22.34_2012-09-04.ecfg",
      "type": "file",
      "size": 15612135,
      "modified": 1353518052.0,
      "extension": ".ecfg"
    },
    {
      "name": "BDC_CM2350B_31.61.23.39_2012-10-26.ecfg",
      "type": "file",
      "size": 15725515,
      "modified": 1544220036.0,
      "extension": ".ecfg"
    },
    {
      "name": "BDC_CM2350B_31.61.23.43_2013-01-11.ecfg",
      "type": "file",
      "size": 15731174,
      "modified": 1479168706.0,
      "extension": ".ecfg"
    },
    {
      "name": "BDC_CM2350B_31.71.21.18_2012-01-25.ecfg",
      "type": "file",
      "size": 15233617,
      "modified": 1544220036.0,
      "extension": ".ecfg"
    },
    {
      "name": "BDC_CM2350B_31.71.22.26_2012-04-17.ecfg",
      "type": "file",
      "size": 15715450,
      "modified": 1544220038.0,
      "extension": ".ecfg"
    },
    {
      "name": "BDC_CM2350B_31.71.22.30_2012-07-03.ecfg",
      "type": "file",
      "size": 15976276,
      "modified": 1499561512.0,
      "extension": ".ecfg"
    },
    {
      "name": "BDC_CM2350B_31.71.22.31_2012-08-15.ecfg",
      "type": "file",
      "size": 16201808,
      "modified": 1353517878.0,
      "extension": ".ecfg"
    },
    {
      "name": "BDC_CM2350B_31.71.22.34_2012-09-04.ecfg",
      "type": "file",
      "size": 15759311,
      "modified": 1353517982.0,
      "extension": ".ecfg"
    },
    {
      "name": "BDC_CM2350B_31.71.23.39_2012-10-26.ecfg",
      "type": "file",
      "size": 15663573,
      "modified": 1395428252.0,
      "extension": ".ecfg"
    },
    {
      "name": "BDC_CM2350B_31.71.23.43_2013-01-07.ecfg",
      "type": "file",
      "size": 15667478,
      "modified": 1479129094.0,
      "extension": ".ecfg"
    },
    {
      "name": "BDC_CM2350B_32.13.9.2_2016-02-24.ecfg",
      "type": "file",
      "size": 16438743,
      "modified": 1479129218.0,
      "extension": ".ecfg"
    },
    {
      "name": "BDC_CM2350B_32.14.2.4_2013-10-01.ecfg",
      "type": "file",
      "size": 16001876,
      "modified": 1414149980.0,
      "extension": ".ecfg"
    },
    {
      "name": "BDC_CM2350B_32.14.6.2_2016-02-24.ecfg",
      "type": "file",
      "size": 16583547,
      "modified": 1479161642.0,
      "extension": ".ecfg"
    },
    {
      "name": "BDC_CM2350B_32.15.0.13_2013-11-13.ecfg",
      "type": "file",
      "size": 16563743,
      "modified": 1479129194.0,
      "extension": ".ecfg"
    },
    {
      "name": "BDC_CM2350B_32.15.0.20_2014-03-25.ecfg",
      "type": "file",
      "size": 16727643,
      "modified": 1479129224.0,
      "extension": ".ecfg"
    },
    {
      "name": "BDC_CM2350B_32.15.1.1_2014-06-26.ecfg",
      "type": "file",
      "size": 16728231,
      "modified": 1479129268.0,
      "extension": ".ecfg"
    },
    {
      "name": "BDC_CM2350B_32.15.3.4_2015-03-06.ecfg",
      "type": "file",
      "size": 16600147,
      "modified": 1479168918.0,
      "extension": ".ecfg"
    },
    {
      "name": "BDC_CM2350B_32.15.5.0_2015-12-14.ecfg",
      "type": "file",
      "size": 16834706,
      "modified": 1479168982.0,
      "extension": ".ecfg"
    },
    {
      "name": "BDC_CM2350B_32.15.5.1_2016-03-15.ecfg",
      "type": "file",
      "size": 16834698,
      "modified": 1479129378.0,
      "extension": ".ecfg"
    },
    {
      "name": "BDC_CM2350B_32.16.0.9_2014-10-31.ecfg",
      "type": "file",
      "size": 17133138,
      "modified": 1479129288.0,
      "extension": ".ecfg"
    },
    {
      "name": "BDC_CM2350B_32.16.4.0_2016-02-26.ecfg",
      "type": "file",
      "size": 16816489,
      "modified": 1479169028.0,
      "extension": ".ecfg"
    },
    {
      "name": "BDC_CM2350B_32.16.4.0_2016-02-26_1.ecfg",
      "type": "file",
      "size": 16816469,
      "modified": 1479129424.0,
      "extension": ".ecfg"
    },
    {
      "name": "BDC_CM2350B_32.17.0.14_2015-10-14.ecfg",
      "type": "file",
      "size": 17113586,
      "modified": 1479129392.0,
      "extension": ".ecfg"
    },
    {
      "name": "BDC_CM2350B_32.17.0.14_2015-10-14_1.ecfg",
      "type": "file",
      "size": 17113608,
      "modified": 1479129400.0,
      "extension": ".ecfg"
    },
    {
      "name": "BDC_CM2350B_32.17.1.1_2016-03-23.ecfg",
      "type": "file",
      "size": 17135226,
      "modified": 1471937616.0,
      "extension": ".ecfg"
    },
    {
      "name": "BDC_CM2350B_32.17.1.1_2016-03-23_1.ecfg",
      "type": "file",
      "size": 17135238,
      "modified": 1471937618.0,
      "extension": ".ecfg"
    },
    {
      "name": "BDC_CM2350B_32.17.2.2_2016-09-12.ecfg",
      "type": "file",
      "size": 17136708,
      "modified": 1479129444.0,
      "extension": ".ecfg"
    },
    {
      "name": "BDC_CM2350B_32.17.2.2_2016-09-12_1.ecfg",
      "type": "file",
      "size": 17136720,
      "modified": 1479158250.0,
      "extension": ".ecfg"
    },
    {
      "name": "BDC_CM2350B_33.14.0.0_2013-04-03.ecfg",
      "type": "file",
      "size": 15775482,
      "modified": 1479129144.0,
      "extension": ".ecfg"
    },
    {
      "name": "BDC_CM2350B_33.14.0.3_2013-08-07.ecfg",
      "type": "file",
      "size": 15935217,
      "modified": 1479157964.0,
      "extension": ".ecfg"
    },
    {
      "name": "BDC_CM2350B_33.14.1.0_2013-10-29.ecfg",
      "type": "file",
      "size": 16035236,
      "modified": 1479129186.0,
      "extension": ".ecfg"
    },
    {
      "name": "BDC_CM2350B_33.16.1.0_2015-05-04.ecfg",
      "type": "file",
      "size": 16953145,
      "modified": 1479158144.0,
      "extension": ".ecfg"
    },
    {
      "name": "BDC_CM2350B_34.14.0.0_2013-04-03.ecfg",
      "type": "file",
      "size": 15775478,
      "modified": 1479129152.0,
      "extension": ".ecfg"
    },
    {
      "name": "BDC_CM2350B_34.14.0.3_2013-08-07.ecfg",
      "type": "file",
      "size": 15935213,
      "modified": 1479129156.0,
      "extension": ".ecfg"
    },
    {
      "name": "BDC_CM2350B_34.14.1.0_2013-10-29.ecfg",
      "type": "file",
      "size": 16035232,
      "modified": 1479168774.0,
      "extension": ".ecfg"
    },
    {
      "name": "BDC_CM2350B_34.16.1.0_2015-05-04.ecfg",
      "type": "file",
      "size": 16953141,
      "modified": 1479129330.0,
      "extension": ".ecfg"
    }
  ],
  "depth": 2
}