{
  "name": "BDF",
  "path": "- ECFG ECM -\\CM2350\\BDF",
  "type": "folder",
  "item_count": 3,
  "items": [
    {
      "name": "BDF_CM2350A_31.42.0.10_2011-03-21 (2).ecfg",
      "type": "file",
      "size": 14096366,
      "modified": 1399062861.0,
      "extension": ".ecfg"
    },
    {
      "name": "BDF_CM2350A_31.42.0.10_2011-03-21.ecfg",
      "type": "file",
      "size": 14096554,
      "modified": 1370847114.0,
      "extension": ".ecfg"
    },
    {
      "name": "BDF_CM2350A_31.42.0.15_2011-08-24.ecfg",
      "type": "file",
      "size": 15302146,
      "modified": 1370793994.0,
      "extension": ".ecfg"
    }
  ],
  "depth": 2
}