{
  "name": "BDG",
  "path": "- ECFG ECM -\\CM2250\\BDG",
  "type": "folder",
  "item_count": 10,
  "items": [
    {
      "name": "BDG_CM2250_5.20.0.2_2012-09-14.ecfg",
      "type": "file",
      "size": 11108233,
      "modified": 1411357794.0,
      "extension": ".ecfg"
    },
    {
      "name": "BDG_CM2250_5.20.0.4_2013-03-14.ecfg",
      "type": "file",
      "size": 11120796,
      "modified": 1411357792.0,
      "extension": ".ecfg"
    },
    {
      "name": "BDG_CM2250_5.30.0.11_2014-07-22.ecfg",
      "type": "file",
      "size": 11762385,
      "modified": 1413964950.0,
      "extension": ".ecfg"
    },
    {
      "name": "BDG_CM2250_5.30.0.22_2015-12-16.ecfg",
      "type": "file",
      "size": 11923545,
      "modified": 1458625784.0,
      "extension": ".ecfg"
    },
    {
      "name": "BDG_CM2250_5.30.0.4_2013-11-11.ecfg",
      "type": "file",
      "size": 11406722,
      "modified": 1411321326.0,
      "extension": ".ecfg"
    },
    {
      "name": "BDG_CM2250_5.30.0.4_2013-11-11_1.ecfg",
      "type": "file",
      "size": 11406722,
      "modified": 1411321344.0,
      "extension": ".ecfg"
    },
    {
      "name": "BDG_CM2250_5.30.1.36_2017-03-03.ecfg",
      "type": "file",
      "size": 12932721,
      "modified": 1492150018.0,
      "extension": ".ecfg"
    },
    {
      "name": "BDG_CM2250_5.30.1.38_2017-06-13.ecfg",
      "type": "file",
      "size": 12920610,
      "modified": 1497379342.0,
      "extension": ".ecfg"
    },
    {
      "name": "BDG_CM2250_5.30.1.41_2018-04-24.ecfg",
      "type": "file",
      "size": 13121075,
      "modified": 1524602278.0,
      "extension": ".ecfg"
    },
    {
      "name": "BDG_CM2250_5.30.1.41_2018-04-24_1.ecfg",
      "type": "file",
      "size": 13494267,
      "modified": 1543338266.0,
      "extension": ".ecfg"
    }
  ],
  "depth": 2
}