{
  "name": "BDH",
  "path": "- ECFG ECM -\\CM2350\\BDH",
  "type": "folder",
  "item_count": 15,
  "items": [
    {
      "name": "BDH_CM2350A_20.40.71.4_2013-09-05.ecfg",
      "type": "file",
      "size": 18115043,
      "modified": 1387593286.0,
      "extension": ".ecfg"
    },
    {
      "name": "BDH_CM2350A_31.12.0.2_2011-03-21.ecfg",
      "type": "file",
      "size": 13926935,
      "modified": 1305247074.0,
      "extension": ".ecfg"
    },
    {
      "name": "BDH_CM2350A_31.12.1.11_2011-12-08.ecfg",
      "type": "file",
      "size": 15206483,
      "modified": 1325552028.0,
      "extension": ".ecfg"
    },
    {
      "name": "BDH_CM2350A_31.12.1.7_2011-08-31.ecfg",
      "type": "file",
      "size": 14741636,
      "modified": 1318020148.0,
      "extension": ".ecfg"
    },
    {
      "name": "BDH_CM2350A_31.12.2.2_2012-02-08.ecfg",
      "type": "file",
      "size": 15696608,
      "modified": 1331964114.0,
      "extension": ".ecfg"
    },
    {
      "name": "BDH_CM2350A_31.12.2.5_2012-05-02.ecfg",
      "type": "file",
      "size": 16017414,
      "modified": 1338942042.0,
      "extension": ".ecfg"
    },
    {
      "name": "BDH_CM2350A_31.12.2.7_2012-06-11.ecfg",
      "type": "file",
      "size": 16320216,
      "modified": 1341274860.0,
      "extension": ".ecfg"
    },
    {
      "name": "BDH_CM2350A_31.12.3.2_2012-08-08.ecfg",
      "type": "file",
      "size": 16525035,
      "modified": 1345243688.0,
      "extension": ".ecfg"
    },
    {
      "name": "BDH_CM2350A_31.12.3.2_2012-08-08_1.ecfg",
      "type": "file",
      "size": 16525035,
      "modified": 1348705192.0,
      "extension": ".ecfg"
    },
    {
      "name": "BDH_CM2350A_31.2.4.4_2012-11-28.ecfg",
      "type": "file",
      "size": 16834890,
      "modified": 1355918922.0,
      "extension": ".ecfg"
    },
    {
      "name": "BDH_CM2350A_31.2.5.1_2013-01-18.ecfg",
      "type": "file",
      "size": 17102168,
      "modified": 1364336458.0,
      "extension": ".ecfg"
    },
    {
      "name": "BDH_CM2350A_31.2.6.3_2013-05-06.ecfg",
      "type": "file",
      "size": 17101677,
      "modified": 1373603496.0,
      "extension": ".ecfg"
    },
    {
      "name": "BDH_CM2350A_31.2.6.7_2013-09-25.ecfg",
      "type": "file",
      "size": 17840849,
      "modified": 1384223588.0,
      "extension": ".ecfg"
    },
    {
      "name": "BDH_CM2350A_31.2.7.1_2013-12-03.ecfg",
      "type": "file",
      "size": 17624915,
      "modified": 1392078290.0,
      "extension": ".ecfg"
    },
    {
      "name": "BDH_CM2350A_31.2.8.6_2016-03-01.ecfg",
      "type": "file",
      "size": 18789061,
      "modified": 1563725188.0,
      "extension": ".ecfg"
    }
  ],
  "depth": 2
}