{
  "name": "BDM",
  "path": "- ECFG ECM -\\CM2220\\BDM",
  "type": "folder",
  "item_count": 3,
  "items": [
    {
      "name": "BDM_CM2220_54.34.0.0_2011-05-02.ecfg",
      "type": "file",
      "size": 11231225,
      "modified": 1307000828.0,
      "extension": ".ecfg"
    },
    {
      "name": "BDM_CM2220_54.34.0.2_2011-07-12.ecfg",
      "type": "file",
      "size": 10929253,
      "modified": 1311902220.0,
      "extension": ".ecfg"
    },
    {
      "name": "BDM_CM2220_54.34.0.7_2012-07-30.ecfg",
      "type": "file",
      "size": 11508293,
      "modified": 1352168120.0,
      "extension": ".ecfg"
    }
  ],
  "depth": 2
}