{
  "name": "BDN",
  "path": "- ECFG ECM -\\CM2220\\BDN",
  "type": "folder",
  "item_count": 10,
  "items": [
    {
      "name": "BDN_CM2220C_44.34.0.3_2010-11-24.ecfg",
      "type": "file",
      "size": 10812933,
      "modified": 1292312236.0,
      "extension": ".ecfg"
    },
    {
      "name": "BDN_CM2220C_54.34.0.0_2011-05-02.ecfg",
      "type": "file",
      "size": 11231225,
      "modified": 1306984206.0,
      "extension": ".ecfg"
    },
    {
      "name": "BDN_CM2220C_54.34.0.16_2015-07-29.ecfg",
      "type": "file",
      "size": 12171441,
      "modified": 1563725184.0,
      "extension": ".ecfg"
    },
    {
      "name": "BDN_CM2220C_54.34.0.2_2011-07-12.ecfg",
      "type": "file",
      "size": 10929253,
      "modified": 1311902222.0,
      "extension": ".ecfg"
    },
    {
      "name": "BDN_CM2220C_54.34.0.3_2011-09-27.ecfg",
      "type": "file",
      "size": 10929334,
      "modified": 1318374056.0,
      "extension": ".ecfg"
    },
    {
      "name": "BDN_CM2220C_54.34.0.4_2011-10-06.ecfg",
      "type": "file",
      "size": 11127321,
      "modified": 1320733310.0,
      "extension": ".ecfg"
    },
    {
      "name": "BDN_CM2220C_54.34.0.5_2012-01-18.ecfg",
      "type": "file",
      "size": 11128524,
      "modified": 1365541990.0,
      "extension": ".ecfg"
    },
    {
      "name": "BDN_CM2220C_54.35.0.2_2011-07-20.ecfg",
      "type": "file",
      "size": 10929279,
      "modified": 1315292458.0,
      "extension": ".ecfg"
    },
    {
      "name": "BDN_CM2220C_54.35.0.4_2011-11-10.ecfg",
      "type": "file",
      "size": 11128550,
      "modified": 1323295874.0,
      "extension": ".ecfg"
    },
    {
      "name": "BDN_CM2220C_54.35.0.5_2012-01-18.ecfg",
      "type": "file",
      "size": 11128550,
      "modified": 1365541984.0,
      "extension": ".ecfg"
    }
  ],
  "depth": 2
}