{
  "name": "BDO",
  "path": "- ECFG ECM -\\CM2350\\BDO",
  "type": "folder",
  "item_count": 51,
  "items": [
    {
      "name": "BDO_CM2350A_20.40.70.12_2014-06-03.ecfg",
      "type": "file",
      "size": 18595345,
      "modified": 1411325220.0,
      "extension": ".ecfg"
    },
    {
      "name": "BDO_CM2350A_20.40.70.4_2013-09-05.ecfg",
      "type": "file",
      "size": 18115043,
      "modified": 1411361826.0,
      "extension": ".ecfg"
    },
    {
      "name": "BDO_CM2350A_20.40.70.8_2014-02-13.ecfg",
      "type": "file",
      "size": 18362740,
      "modified": 1411361842.0,
      "extension": ".ecfg"
    },
    {
      "name": "BDO_CM2350A_20.50.70.0_2014-07-01.ecfg",
      "type": "file",
      "size": 18622698,
      "modified": 1411325232.0,
      "extension": ".ecfg"
    },
    {
      "name": "BDO_CM2350A_20.60.70.1_2014-11-17.ecfg",
      "type": "file",
      "size": 18622700,
      "modified": 1418270938.0,
      "extension": ".ecfg"
    },
    {
      "name": "BDO_CM2350A_20.71.70.2_2015-03-25.ecfg",
      "type": "file",
      "size": 19340822,
      "modified": 1428624522.0,
      "extension": ".ecfg"
    },
    {
      "name": "BDO_CM2350A_20.71.70.3_2015-04-17.ecfg",
      "type": "file",
      "size": 19340822,
      "modified": 1434179586.0,
      "extension": ".ecfg"
    },
    {
      "name": "BDO_CM2350A_20.71.70.3_2015-04-17_1.ecfg",
      "type": "file",
      "size": 19340822,
      "modified": 1438999124.0,
      "extension": ".ecfg"
    },
    {
      "name": "BDO_CM2350A_20.71.70.6_2015-08-26.ecfg",
      "type": "file",
      "size": 19366853,
      "modified": 1446120270.0,
      "extension": ".ecfg"
    },
    {
      "name": "BDO_CM2350A_20.71.70.6_2015-10-20.ecfg",
      "type": "file",
      "size": 19370752,
      "modified": 1447507556.0,
      "extension": ".ecfg"
    },
    {
      "name": "BDO_CM2350A_20.71.70.8_2016-02-02.ecfg",
      "type": "file",
      "size": 19490487,
      "modified": 1460535416.0,
      "extension": ".ecfg"
    },
    {
      "name": "BDO_CM2350A_20.71.70.8_2016-02-02_1.ecfg",
      "type": "file",
      "size": 19490487,
      "modified": 1479277944.0,
      "extension": ".ecfg"
    },
    {
      "name": "BDO_CM2350A_20.71.80.4_2017-07-25.ecfg",
      "type": "file",
      "size": 19082448,
      "modified": 1511381368.0,
      "extension": ".ecfg"
    },
    {
      "name": "BDO_CM2350A_21.40.70.2_2014-10-15.ecfg",
      "type": "file",
      "size": 18974611,
      "modified": 1416452892.0,
      "extension": ".ecfg"
    },
    {
      "name": "BDO_CM2350A_21.40.70.5_2014-12-11.ecfg",
      "type": "file",
      "size": 18493434,
      "modified": 1421716866.0,
      "extension": ".ecfg"
    },
    {
      "name": "BDO_CM2350A_21.40.70.8_2015-04-09.ecfg",
      "type": "file",
      "size": 18944522,
      "modified": 1431661944.0,
      "extension": ".ecfg"
    },
    {
      "name": "BDO_CM2350A_21.50.70.1_2015-08-12.ecfg",
      "type": "file",
      "size": 19215355,
      "modified": 1441336920.0,
      "extension": ".ecfg"
    },
    {
      "name": "BDO_CM2350A_21.50.70.3_2015-09-18.ecfg",
      "type": "file",
      "size": 19242719,
      "modified": 1443269172.0,
      "extension": ".ecfg"
    },
    {
      "name": "BDO_CM2350A_21.60.70.2_2015-10-21.ecfg",
      "type": "file",
      "size": 19258757,
      "modified": 1447507560.0,
      "extension": ".ecfg"
    },
    {
      "name": "BDO_CM2350A_21.70.18.22_2017-09-14.ecfg",
      "type": "file",
      "size": 20196729,
      "modified": 1511365766.0,
      "extension": ".ecfg"
    },
    {
      "name": "BDO_CM2350A_21.70.19.25_2018-07-11.ecfg",
      "type": "file",
      "size": 19923958,
      "modified": 1535483448.0,
      "extension": ".ecfg"
    },
    {
      "name": "BDO_CM2350A_21.70.70.10_2017-08-25.ecfg",
      "type": "file",
      "size": 19788960,
      "modified": 1511201722.0,
      "extension": ".ecfg"
    },
    {
      "name": "BDO_CM2350A_21.70.70.4_2016-03-07.ecfg",
      "type": "file",
      "size": 18883249,
      "modified": 1462244082.0,
      "extension": ".ecfg"
    },
    {
      "name": "BDO_CM2350A_21.70.70.7_2016-08-26.ecfg",
      "type": "file",
      "size": 19104184,
      "modified": 1478049082.0,
      "extension": ".ecfg"
    },
    {
      "name": "BDO_CM2350A_21.70.70.7_2016-08-26_1.ecfg",
      "type": "file",
      "size": 19654203,
      "modified": 1481255974.0,
      "extension": ".ecfg"
    },
    {
      "name": "BDO_CM2350A_21.70.70.9_2017-03-14.ecfg",
      "type": "file",
      "size": 19233455,
      "modified": 1498497584.0,
      "extension": ".ecfg"
    },
    {
      "name": "BDO_CM2350A_21.70.72.11_2016-10-04.ecfg",
      "type": "file",
      "size": 19766949,
      "modified": 1485306602.0,
      "extension": ".ecfg"
    },
    {
      "name": "BDO_CM2350A_21.70.72.22_2017-09-14.ecfg",
      "type": "file",
      "size": 20196729,
      "modified": 1511375872.0,
      "extension": ".ecfg"
    },
    {
      "name": "BDO_CM2350A_21.70.72.9_2016-09-20.ecfg",
      "type": "file",
      "size": 19759053,
      "modified": 1475041272.0,
      "extension": ".ecfg"
    },
    {
      "name": "BDO_CM2350A_31.12.0.2_2011-03-21.ecfg",
      "type": "file",
      "size": 13926935,
      "modified": 1305247078.0,
      "extension": ".ecfg"
    },
    {
      "name": "BDO_CM2350A_31.12.1.11_2011-12-08.ecfg",
      "type": "file",
      "size": 15206483,
      "modified": 1324079258.0,
      "extension": ".ecfg"
    },
    {
      "name": "BDO_CM2350A_31.12.1.7_2011-08-31.ecfg",
      "type": "file",
      "size": 14741636,
      "modified": 1316729474.0,
      "extension": ".ecfg"
    },
    {
      "name": "BDO_CM2350A_31.12.2.2_2012-02-08.ecfg",
      "type": "file",
      "size": 15696608,
      "modified": 1331964132.0,
      "extension": ".ecfg"
    },
    {
      "name": "BDO_CM2350A_31.12.2.5_2012-05-02.ecfg",
      "type": "file",
      "size": 16017414,
      "modified": 1338346602.0,
      "extension": ".ecfg"
    },
    {
      "name": "BDO_CM2350A_31.12.2.7_2012-06-11.ecfg",
      "type": "file",
      "size": 16320216,
      "modified": 1340659326.0,
      "extension": ".ecfg"
    },
    {
      "name": "BDO_CM2350A_31.12.3.2_2012-08-08.ecfg",
      "type": "file",
      "size": 16525035,
      "modified": 1345243694.0,
      "extension": ".ecfg"
    },
    {
      "name": "BDO_CM2350A_31.12.3.2_2012-08-08_1.ecfg",
      "type": "file",
      "size": 16525035,
      "modified": 1348215072.0,
      "extension": ".ecfg"
    },
    {
      "name": "BDO_CM2350A_31.12.4.4_2012-11-28.ecfg",
      "type": "file",
      "size": 16834880,
      "modified": 1355918938.0,
      "extension": ".ecfg"
    },
    {
      "name": "BDO_CM2350A_31.12.5.1_2013-01-18.ecfg",
      "type": "file",
      "size": 17102158,
      "modified": 1364940256.0,
      "extension": ".ecfg"
    },
    {
      "name": "BDO_CM2350A_31.12.6.3_2013-05-06.ecfg",
      "type": "file",
      "size": 17101667,
      "modified": 1372457768.0,
      "extension": ".ecfg"
    },
    {
      "name": "BDO_CM2350A_31.12.6.7_2013-09-25.ecfg",
      "type": "file",
      "size": 17840841,
      "modified": 1384299612.0,
      "extension": ".ecfg"
    },
    {
      "name": "BDO_CM2350A_31.12.7.1_2013-12-03.ecfg",
      "type": "file",
      "size": 17624905,
      "modified": 1518052355.0,
      "extension": ".ecfg"
    },
    {
      "name": "BDO_CM2350A_31.12.7.5_2014-07-22.ecfg",
      "type": "file",
      "size": 18251591,
      "modified": 1411325208.0,
      "extension": ".ecfg"
    },
    {
      "name": "BDO_CM2350A_31.12.7.8_2014-12-02.ecfg",
      "type": "file",
      "size": 18967500,
      "modified": 1424394958.0,
      "extension": ".ecfg"
    },
    {
      "name": "BDO_CM2350A_31.12.8.15_2018-01-23.ecfg",
      "type": "file",
      "size": 18808779,
      "modified": 1525702084.0,
      "extension": ".ecfg"
    },
    {
      "name": "BDO_CM2350A_31.12.8.1_2015-04-21.ecfg",
      "type": "file",
      "size": 18678509,
      "modified": 1434593388.0,
      "extension": ".ecfg"
    },
    {
      "name": "BDO_CM2350A_31.12.8.1_2015-04-21_1.ecfg",
      "type": "file",
      "size": 19216656,
      "modified": 1439339898.0,
      "extension": ".ecfg"
    },
    {
      "name": "BDO_CM2350A_31.12.8.4_2015-10-16.ecfg",
      "type": "file",
      "size": 18660473,
      "modified": 1449287416.0,
      "extension": ".ecfg"
    },
    {
      "name": "BDO_CM2350A_31.12.8.6_2016-03-02.ecfg",
      "type": "file",
      "size": 18789051,
      "modified": 1489019402.0,
      "extension": ".ecfg"
    },
    {
      "name": "BDO_CM2350A_31.12.8.8_2016-12-05.ecfg",
      "type": "file",
      "size": 18802394,
      "modified": 1486455000.0,
      "extension": ".ecfg"
    },
    {
      "name": "BDO_CM2350A_31.12.8.9_2017-03-06.ecfg",
      "type": "file",
      "size": 18804735,
      "modified": 1496253850.0,
      "extension": ".ecfg"
    }
  ],
  "depth": 2
}