{
  "name": "BDR",
  "path": "- ECFG ECM -\\CM2350\\BDR",
  "type": "folder",
  "item_count": 46,
  "items": [
    {
      "name": "BDR_CM2350A_4.10.0.12_2011-03-07.ecfg",
      "type": "file",
      "size": 14397000,
      "modified": 1396303434.0,
      "extension": ".ecfg"
    },
    {
      "name": "BDR_CM2350A_4.12.0.4_2011-05-27.ecfg",
      "type": "file",
      "size": 14657231,
      "modified": 1307579260.0,
      "extension": ".ecfg"
    },
    {
      "name": "BDR_CM2350A_4.13.0.2_2011-07-08.ecfg",
      "type": "file",
      "size": 14835096,
      "modified": 1353530394.0,
      "extension": ".ecfg"
    },
    {
      "name": "BDR_CM2350A_7.10.0.9_2012-07-12.ecfg",
      "type": "file",
      "size": 17131153,
      "modified": 1353529852.0,
      "extension": ".ecfg"
    },
    {
      "name": "BDR_CM2350A_8.10.0.6_2012-11-20.ecfg",
      "type": "file",
      "size": 17414791,
      "modified": 1396304000.0,
      "extension": ".ecfg"
    },
    {
      "name": "BDR_CM2350A_8.10.0.7_2013-02-20.ecfg",
      "type": "file",
      "size": 17416350,
      "modified": 1362185384.0,
      "extension": ".ecfg"
    },
    {
      "name": "BDR_CM2350A_8.10.0.8_2013-04-01.ecfg",
      "type": "file",
      "size": 17417945,
      "modified": 1403549280.0,
      "extension": ".ecfg"
    },
    {
      "name": "BDR_CM2350A_9.20.0.10_2013-06-04.ecfg",
      "type": "file",
      "size": 18063201,
      "modified": 1411362068.0,
      "extension": ".ecfg"
    },
    {
      "name": "BDR_CM2350A_9.20.0.5_2013-05-20.ecfg",
      "type": "file",
      "size": 18039480,
      "modified": 1411362050.0,
      "extension": ".ecfg"
    },
    {
      "name": "BDR_CM2350A_9.30.0.6_2013-09-26.ecfg",
      "type": "file",
      "size": 18564848,
      "modified": 1411325300.0,
      "extension": ".ecfg"
    },
    {
      "name": "BDR_CM2350A_9.40.0.14_2014-03-17.ecfg",
      "type": "file",
      "size": 18826681,
      "modified": 1411325302.0,
      "extension": ".ecfg"
    },
    {
      "name": "BDR_CM2350A_9.40.0.20_2014-04-23.ecfg",
      "type": "file",
      "size": 19198545,
      "modified": 1411325310.0,
      "extension": ".ecfg"
    },
    {
      "name": "BDR_CM2350A_9.40.0.22_2014-07-03.ecfg",
      "type": "file",
      "size": 19410988,
      "modified": 1413277266.0,
      "extension": ".ecfg"
    },
    {
      "name": "BDR_CM2350A_9.40.0.24_2014-09-25.ecfg",
      "type": "file",
      "size": 19410978,
      "modified": 1415440968.0,
      "extension": ".ecfg"
    },
    {
      "name": "BDR_CM2350A_9.40.0.24_2014-09-25_1.ecfg",
      "type": "file",
      "size": 19969852,
      "modified": 1422007282.0,
      "extension": ".ecfg"
    },
    {
      "name": "BDR_CM2350A_9.40.0.32_2015-02-02.ecfg",
      "type": "file",
      "size": 19740214,
      "modified": 1427878910.0,
      "extension": ".ecfg"
    },
    {
      "name": "BDR_CM2350A_9.40.0.46_2015-07-23.ecfg",
      "type": "file",
      "size": 19765579,
      "modified": 1441103712.0,
      "extension": ".ecfg"
    },
    {
      "name": "BDR_CM2350A_9.40.0.46_2015-07-23_1.ecfg",
      "type": "file",
      "size": 19765589,
      "modified": 1441103714.0,
      "extension": ".ecfg"
    },
    {
      "name": "BDR_CM2350A_9.40.0.48_2016-02-11.ecfg",
      "type": "file",
      "size": 19765713,
      "modified": 1456553522.0,
      "extension": ".ecfg"
    },
    {
      "name": "BDR_CM2350A_9.40.0.53_2016-02-05.ecfg",
      "type": "file",
      "size": 20082034,
      "modified": 1455788118.0,
      "extension": ".ecfg"
    },
    {
      "name": "BDR_CM2350A_9.40.0.53_2016-02-05_1.ecfg",
      "type": "file",
      "size": 20082044,
      "modified": 1455788120.0,
      "extension": ".ecfg"
    },
    {
      "name": "BDR_CM2350A_9.40.1.32_2015-02-10.ecfg",
      "type": "file",
      "size": 19778156,
      "modified": 1429585580.0,
      "extension": ".ecfg"
    },
    {
      "name": "BDR_CM2350A_9.40.1.42_2015-05-28.ecfg",
      "type": "file",
      "size": 19701661,
      "modified": 1436864528.0,
      "extension": ".ecfg"
    },
    {
      "name": "BDR_CM2350A_9.40.1.47_2015-10-05.ecfg",
      "type": "file",
      "size": 20579649,
      "modified": 1449058188.0,
      "extension": ".ecfg"
    },
    {
      "name": "BDR_CM2350A_9.40.1.47_2015-10-05_1.ecfg",
      "type": "file",
      "size": 20004552,
      "modified": 1559687248.0,
      "extension": ".ecfg"
    },
    {
      "name": "BDR_CM2350A_9.40.1.53_2016-03-08.ecfg",
      "type": "file",
      "size": 20889633,
      "modified": 1459402768.0,
      "extension": ".ecfg"
    },
    {
      "name": "BDR_CM2350A_9.40.13.61_2016-06-14.ecfg",
      "type": "file",
      "size": 19948798,
      "modified": 1469682220.0,
      "extension": ".ecfg"
    },
    {
      "name": "BDR_CM2350A_9.40.13.71_2016-12-13.ecfg",
      "type": "file",
      "size": 20224341,
      "modified": 1489654280.0,
      "extension": ".ecfg"
    },
    {
      "name": "BDR_CM2350A_9.40.13.72_2017-06-20.ecfg",
      "type": "file",
      "size": 20226008,
      "modified": 1536597274.0,
      "extension": ".ecfg"
    },
    {
      "name": "BDR_CM2350A_9.40.13.73_2018-02-05.ecfg",
      "type": "file",
      "size": 20226257,
      "modified": 1517847234.0,
      "extension": ".ecfg"
    },
    {
      "name": "BDR_CM2350A_9.40.13.82_2018-01-26.ecfg",
      "type": "file",
      "size": 20554676,
      "modified": 1517861674.0,
      "extension": ".ecfg"
    },
    {
      "name": "BDR_CM2350A_9.40.15.61_2016-06-14.ecfg",
      "type": "file",
      "size": 19948808,
      "modified": 1469682222.0,
      "extension": ".ecfg"
    },
    {
      "name": "BDR_CM2350A_9.40.15.71_2016-12-12.ecfg",
      "type": "file",
      "size": 20224351,
      "modified": 1489654282.0,
      "extension": ".ecfg"
    },
    {
      "name": "BDR_CM2350A_9.40.15.72_2017-06-20.ecfg",
      "type": "file",
      "size": 20226018,
      "modified": 1536597892.0,
      "extension": ".ecfg"
    },
    {
      "name": "BDR_CM2350A_9.40.15.73_2018-01-26.ecfg",
      "type": "file",
      "size": 20226267,
      "modified": 1517006270.0,
      "extension": ".ecfg"
    },
    {
      "name": "BDR_CM2350A_9.40.15.82_2018-01-26.ecfg",
      "type": "file",
      "size": 20554686,
      "modified": 1517932964.0,
      "extension": ".ecfg"
    },
    {
      "name": "BDR_CM2350A_9.40.16.61_2016-06-15.ecfg",
      "type": "file",
      "size": 20510945,
      "modified": 1470805000.0,
      "extension": ".ecfg"
    },
    {
      "name": "BDR_CM2350A_9.40.16.71_2016-12-20.ecfg",
      "type": "file",
      "size": 20258752,
      "modified": 1489654284.0,
      "extension": ".ecfg"
    },
    {
      "name": "BDR_CM2350A_9.40.16.72_2017-06-20.ecfg",
      "type": "file",
      "size": 20260419,
      "modified": 1536598008.0,
      "extension": ".ecfg"
    },
    {
      "name": "BDR_CM2350A_9.40.16.73_2018-01-31.ecfg",
      "type": "file",
      "size": 20260668,
      "modified": 1517843634.0,
      "extension": ".ecfg"
    },
    {
      "name": "BDR_CM2350A_9.40.16.82_2018-01-26.ecfg",
      "type": "file",
      "size": 20673209,
      "modified": 1517866436.0,
      "extension": ".ecfg"
    },
    {
      "name": "BDR_CM2350A_9.40.17.62_2016-08-01.ecfg",
      "type": "file",
      "size": 20066115,
      "modified": 1559688480.0,
      "extension": ".ecfg"
    },
    {
      "name": "BDR_CM2350A_9.40.17.63_2016-09-30.ecfg",
      "type": "file",
      "size": 20067158,
      "modified": 1477010098.0,
      "extension": ".ecfg"
    },
    {
      "name": "BDR_CM2350A_9.40.17.71_2016-12-14.ecfg",
      "type": "file",
      "size": 20341703,
      "modified": 1489654284.0,
      "extension": ".ecfg"
    },
    {
      "name": "BDR_CM2350A_9.40.17.72_2017-06-19.ecfg",
      "type": "file",
      "size": 20343370,
      "modified": 1497883928.0,
      "extension": ".ecfg"
    },
    {
      "name": "BDR_CM2350A_9.40.17.82_2018-01-26.ecfg",
      "type": "file",
      "size": 20673209,
      "modified": 1517004326.0,
      "extension": ".ecfg"
    }
  ],
  "depth": 2
}