{
  "name": "BDS",
  "path": "- ECFG ECM -\\CM2880\\BDS",
  "type": "folder",
  "item_count": 30,
  "items": [
    {
      "name": "BDS_CM2880A_5.1.0.11_2016-05-09.ecfg",
      "type": "file",
      "size": 13124497,
      "modified": 1471047902.0,
      "extension": ".ecfg"
    },
    {
      "name": "BDS_CM2880A_5.1.0.13_2016-09-23.ecfg",
      "type": "file",
      "size": 13435652,
      "modified": 1503410592.0,
      "extension": ".ecfg"
    },
    {
      "name": "BDS_CM2880A_5.1.0.13_2016-09-27.ecfg",
      "type": "file",
      "size": 13435652,
      "modified": 1481256064.0,
      "extension": ".ecfg"
    },
    {
      "name": "BDS_CM2880A_5.1.0.15_2016-11-23.ecfg",
      "type": "file",
      "size": 13462873,
      "modified": 1487555222.0,
      "extension": ".ecfg"
    },
    {
      "name": "BDS_CM2880A_5.1.0.18_2017-08-29.ecfg",
      "type": "file",
      "size": 13880737,
      "modified": 1515159346.0,
      "extension": ".ecfg"
    },
    {
      "name": "BDS_CM2880A_5.1.0.19_2018-01-01.ecfg",
      "type": "file",
      "size": 13880921,
      "modified": 1514808458.0,
      "extension": ".ecfg"
    },
    {
      "name": "BDS_CM2880A_5.1.0.22_2018-06-12.ecfg",
      "type": "file",
      "size": 14165296,
      "modified": 1528755842.0,
      "extension": ".ecfg"
    },
    {
      "name": "BDS_CM2880A_5.1.0.22_2018-06-15.ecfg",
      "type": "file",
      "size": 14165296,
      "modified": 1529012530.0,
      "extension": ".ecfg"
    },
    {
      "name": "BDS_CM2880A_5.1.0.22_2018-06-15_1.ecfg",
      "type": "file",
      "size": 14165296,
      "modified": 1535363180.0,
      "extension": ".ecfg"
    },
    {
      "name": "BDS_CM2880A_5.1.0.2_2014-12-23.ecfg",
      "type": "file",
      "size": 12923181,
      "modified": 1433981288.0,
      "extension": ".ecfg"
    },
    {
      "name": "BDS_CM2880A_5.1.0.5_2015-06-08.ecfg",
      "type": "file",
      "size": 13005023,
      "modified": 1459406528.0,
      "extension": ".ecfg"
    },
    {
      "name": "BDS_CM2880A_5.1.0.6_2015-10-12.ecfg",
      "type": "file",
      "size": 13086398,
      "modified": 1447507616.0,
      "extension": ".ecfg"
    },
    {
      "name": "BDS_CM2880A_5.99.1.0_2013-12-12.ecfg",
      "type": "file",
      "size": 11951399,
      "modified": 1411321822.0,
      "extension": ".ecfg"
    },
    {
      "name": "BDS_CM2880A_6.1.0.2_2014-12-23.ecfg",
      "type": "file",
      "size": 12923187,
      "modified": 1426896422.0,
      "extension": ".ecfg"
    },
    {
      "name": "BDS_CM2880A_8.1.0.10_2016-05-18.ecfg",
      "type": "file",
      "size": 13124497,
      "modified": 1468538924.0,
      "extension": ".ecfg"
    },
    {
      "name": "BDS_CM2880A_8.1.0.13_2016-09-23.ecfg",
      "type": "file",
      "size": 13435652,
      "modified": 1477010200.0,
      "extension": ".ecfg"
    },
    {
      "name": "BDS_CM2880A_8.1.0.15_2016-11-23.ecfg",
      "type": "file",
      "size": 13462873,
      "modified": 1484098652.0,
      "extension": ".ecfg"
    },
    {
      "name": "BDS_CM2880A_8.1.0.4_2015-05-31.ecfg",
      "type": "file",
      "size": 13005023,
      "modified": 1442026676.0,
      "extension": ".ecfg"
    },
    {
      "name": "BDS_CM2880A_8.1.0.7_2015-11-16.ecfg",
      "type": "file",
      "size": 13104333,
      "modified": 1452756456.0,
      "extension": ".ecfg"
    },
    {
      "name": "BDS_CM2880A_8.1.0.9_2016-01-05.ecfg",
      "type": "file",
      "size": 13124518,
      "modified": 1470440904.0,
      "extension": ".ecfg"
    },
    {
      "name": "BDS_CM2880D_8.0.0.2_2014-02-17.ecfg",
      "type": "file",
      "size": 11986338,
      "modified": 1397001000.0,
      "extension": ".ecfg"
    },
    {
      "name": "BDS_CM2880D_8.0.0.3_2014-03-31.ecfg",
      "type": "file",
      "size": 11986338,
      "modified": 1398727758.0,
      "extension": ".ecfg"
    },
    {
      "name": "BDS_CM2880D_8.0.0.4_2014-06-26.ecfg",
      "type": "file",
      "size": 11989147,
      "modified": 1411321838.0,
      "extension": ".ecfg"
    },
    {
      "name": "BDS_CM2880D_8.0.0.5_2015-04-09.ecfg",
      "type": "file",
      "size": 12131873,
      "modified": 1429920644.0,
      "extension": ".ecfg"
    },
    {
      "name": "BDS_CM2880D_8.0.0.7_2015-06-08.ecfg",
      "type": "file",
      "size": 12158632,
      "modified": 1436403778.0,
      "extension": ".ecfg"
    },
    {
      "name": "BDS_CM2880_5.0.0.3_2012-11-21.ecfg",
      "type": "file",
      "size": 11347186,
      "modified": 1411358608.0,
      "extension": ".ecfg"
    },
    {
      "name": "BDS_CM2880_5.0.0.6_2013-02-12.ecfg",
      "type": "file",
      "size": 11521815,
      "modified": 1411358618.0,
      "extension": ".ecfg"
    },
    {
      "name": "BDS_CM2880_6.0.0.6_2013-05-21.ecfg",
      "type": "file",
      "size": 11836453,
      "modified": 1411358628.0,
      "extension": ".ecfg"
    },
    {
      "name": "BDS_CM2880_7.0.0.4_2013-10-14.ecfg",
      "type": "file",
      "size": 11942471,
      "modified": 1383694202.0,
      "extension": ".ecfg"
    },
    {
      "name": "BDS_CM2880_7.0.0.5_2013-12-11.ecfg",
      "type": "file",
      "size": 11968982,
      "modified": 1411358646.0,
      "extension": ".ecfg"
    }
  ],
  "depth": 2
}