{
  "name": "BEB",
  "path": "- ECFG ECM -\\CM2350\\BEB",
  "type": "folder",
  "item_count": 34,
  "items": [
    {
      "name": "BEB_CM2350_32.0.0.6_2012-08-03.ecfg",
      "type": "file",
      "size": 4871691,
      "modified": 1346213158.0,
      "extension": ".ecfg"
    },
    {
      "name": "BEB_CM2350_32.5.10.0_2014-09-02.ecfg",
      "type": "file",
      "size": 5121710,
      "modified": 1415325324.0,
      "extension": ".ecfg"
    },
    {
      "name": "BEB_CM2350_32.5.10.1_2014-09-02.ecfg",
      "type": "file",
      "size": 5121710,
      "modified": 1415325348.0,
      "extension": ".ecfg"
    },
    {
      "name": "BEB_CM2350_32.5.10.2_2014-09-02.ecfg",
      "type": "file",
      "size": 5121710,
      "modified": 1415325348.0,
      "extension": ".ecfg"
    },
    {
      "name": "BEB_CM2350_32.5.10.3_2014-09-02.ecfg",
      "type": "file",
      "size": 5121710,
      "modified": 1415354504.0,
      "extension": ".ecfg"
    },
    {
      "name": "BEB_CM2350_32.5.10.4_2014-09-02.ecfg",
      "type": "file",
      "size": 5121710,
      "modified": 1415325348.0,
      "extension": ".ecfg"
    },
    {
      "name": "BEB_CM2350_32.5.10.5_2014-09-02.ecfg",
      "type": "file",
      "size": 5121710,
      "modified": 1415325348.0,
      "extension": ".ecfg"
    },
    {
      "name": "BEB_CM2350_32.5.13.0_2015-06-17.ecfg",
      "type": "file",
      "size": 5125767,
      "modified": 1447177782.0,
      "extension": ".ecfg"
    },
    {
      "name": "BEB_CM2350_32.5.13.1_2015-06-17.ecfg",
      "type": "file",
      "size": 5125767,
      "modified": 1447177800.0,
      "extension": ".ecfg"
    },
    {
      "name": "BEB_CM2350_32.5.13.2_2015-06-17.ecfg",
      "type": "file",
      "size": 5125767,
      "modified": 1447177802.0,
      "extension": ".ecfg"
    },
    {
      "name": "BEB_CM2350_32.5.13.3_2015-06-17.ecfg",
      "type": "file",
      "size": 5125767,
      "modified": 1447251764.0,
      "extension": ".ecfg"
    },
    {
      "name": "BEB_CM2350_32.5.13.4_2015-06-17.ecfg",
      "type": "file",
      "size": 5125767,
      "modified": 1447177800.0,
      "extension": ".ecfg"
    },
    {
      "name": "BEB_CM2350_32.5.13.5_2015-06-17.ecfg",
      "type": "file",
      "size": 5125767,
      "modified": 1447177802.0,
      "extension": ".ecfg"
    },
    {
      "name": "BEB_CM2350_32.5.15.0_2016-09-09.ecfg",
      "type": "file",
      "size": 5130691,
      "modified": 1488410508.0,
      "extension": ".ecfg"
    },
    {
      "name": "BEB_CM2350_32.5.15.1_2016-09-09.ecfg",
      "type": "file",
      "size": 5130691,
      "modified": 1488410520.0,
      "extension": ".ecfg"
    },
    {
      "name": "BEB_CM2350_32.5.15.2_2016-09-09.ecfg",
      "type": "file",
      "size": 5130691,
      "modified": 1488410532.0,
      "extension": ".ecfg"
    },
    {
      "name": "BEB_CM2350_32.5.15.3_2016-09-09.ecfg",
      "type": "file",
      "size": 5130691,
      "modified": 1487388372.0,
      "extension": ".ecfg"
    },
    {
      "name": "BEB_CM2350_32.5.15.4_2016-09-09.ecfg",
      "type": "file",
      "size": 5130691,
      "modified": 1488410524.0,
      "extension": ".ecfg"
    },
    {
      "name": "BEB_CM2350_32.5.15.5_2016-09-09.ecfg",
      "type": "file",
      "size": 5130691,
      "modified": 1488410528.0,
      "extension": ".ecfg"
    },
    {
      "name": "BEB_CM2350_32.5.17.0_2017-06-13.ecfg",
      "type": "file",
      "size": 5165460,
      "modified": 1497445850.0,
      "extension": ".ecfg"
    },
    {
      "name": "BEB_CM2350_32.5.17.1_2017-06-13.ecfg",
      "type": "file",
      "size": 5165460,
      "modified": 1497445880.0,
      "extension": ".ecfg"
    },
    {
      "name": "BEB_CM2350_32.5.17.2_2017-06-13.ecfg",
      "type": "file",
      "size": 5165460,
      "modified": 1497449508.0,
      "extension": ".ecfg"
    },
    {
      "name": "BEB_CM2350_32.5.17.3_2017-06-13.ecfg",
      "type": "file",
      "size": 5165460,
      "modified": 1497449536.0,
      "extension": ".ecfg"
    },
    {
      "name": "BEB_CM2350_32.5.17.4_2017-06-13.ecfg",
      "type": "file",
      "size": 5165460,
      "modified": 1497449564.0,
      "extension": ".ecfg"
    },
    {
      "name": "BEB_CM2350_32.5.17.5_2017-06-13.ecfg",
      "type": "file",
      "size": 5165460,
      "modified": 1497449594.0,
      "extension": ".ecfg"
    },
    {
      "name": "BEB_CM2350_32.5.18.0_2018-09-25.ecfg",
      "type": "file",
      "size": 5190897,
      "modified": 1538051510.0,
      "extension": ".ecfg"
    },
    {
      "name": "BEB_CM2350_32.5.18.1_2018-09-25.ecfg",
      "type": "file",
      "size": 5190897,
      "modified": 1538052062.0,
      "extension": ".ecfg"
    },
    {
      "name": "BEB_CM2350_32.5.18.2_2018-09-25.ecfg",
      "type": "file",
      "size": 5190897,
      "modified": 1538056226.0,
      "extension": ".ecfg"
    },
    {
      "name": "BEB_CM2350_32.5.8.0_2013-08-01.ecfg",
      "type": "file",
      "size": 5208765,
      "modified": 1411325590.0,
      "extension": ".ecfg"
    },
    {
      "name": "BEB_CM2350_32.5.8.1_2013-08-01.ecfg",
      "type": "file",
      "size": 5208765,
      "modified": 1411325620.0,
      "extension": ".ecfg"
    },
    {
      "name": "BEB_CM2350_32.5.8.2_2013-08-01.ecfg",
      "type": "file",
      "size": 5208765,
      "modified": 1411322014.0,
      "extension": ".ecfg"
    },
    {
      "name": "BEB_CM2350_32.5.8.3_2013-08-01.ecfg",
      "type": "file",
      "size": 5208765,
      "modified": 1411362548.0,
      "extension": ".ecfg"
    },
    {
      "name": "BEB_CM2350_32.5.8.4_2013-08-01.ecfg",
      "type": "file",
      "size": 5208765,
      "modified": 1411325622.0,
      "extension": ".ecfg"
    },
    {
      "name": "BEB_CM2350_32.5.8.5_2013-08-01.ecfg",
      "type": "file",
      "size": 5208765,
      "modified": 1411325622.0,
      "extension": ".ecfg"
    }
  ],
  "depth": 2
}