{
  "name": "BEE",
  "path": "- ECFG ECM -\\CM2350\\BEE",
  "type": "folder",
  "item_count": 7,
  "items": [
    {
      "name": "BEE_CM2350A_32.0.11.11_2013-10-23.ecfg",
      "type": "file",
      "size": 19306251,
      "modified": 1599702056.0,
      "extension": ".ecfg"
    },
    {
      "name": "BEE_CM2350A_32.0.11.3_2013-06-05.ecfg",
      "type": "file",
      "size": 19239664,
      "modified": 1516229618.0,
      "extension": ".ecfg"
    },
    {
      "name": "BEE_CM2350A_32.0.11.3_2013-06-05_1.ecfg",
      "type": "file",
      "size": 19239668,
      "modified": 1592163672.0,
      "extension": ".ecfg"
    },
    {
      "name": "BEE_CM2350A_32.0.12.1_2014-04-10.ecfg",
      "type": "file",
      "size": 19650035,
      "modified": 1411325810.0,
      "extension": ".ecfg"
    },
    {
      "name": "BEE_CM2350A_32.0.12.2_2014-05-16.ecfg",
      "type": "file",
      "size": 19869687,
      "modified": 1433302798.0,
      "extension": ".ecfg"
    },
    {
      "name": "BEE_CM2350A_32.0.13.2_2015-03-04.ecfg",
      "type": "file",
      "size": 19469533,
      "modified": 1599702058.0,
      "extension": ".ecfg"
    },
    {
      "name": "BEE_CM2350A_32.1.18.6_2018-04-09.ecfg",
      "type": "file",
      "size": 20350249,
      "modified": 1613806898.0,
      "extension": ".ecfg"
    }
  ],
  "depth": 2
}