{
  "name": "BEF",
  "path": "- ECFG ECM -\\CM2350\\BEF",
  "type": "folder",
  "item_count": 19,
  "items": [
    {
      "name": "BEF_CM2350A_32.0.11.3_2013-06-05.ecfg",
      "type": "file",
      "size": 19239664,
      "modified": 1411359094.0,
      "extension": ".ecfg"
    },
    {
      "name": "BEF_CM2350A_32.1.11.12_2013-10-31.ecfg",
      "type": "file",
      "size": 19398880,
      "modified": 1411322114.0,
      "extension": ".ecfg"
    },
    {
      "name": "BEF_CM2350A_32.1.12.2_2014-04-09.ecfg",
      "type": "file",
      "size": 19659830,
      "modified": 1411322132.0,
      "extension": ".ecfg"
    },
    {
      "name": "BEF_CM2350A_32.1.12.3_2014-04-28.ecfg",
      "type": "file",
      "size": 19659895,
      "modified": 1411322160.0,
      "extension": ".ecfg"
    },
    {
      "name": "BEF_CM2350A_32.1.12.4_2014-07-07.ecfg",
      "type": "file",
      "size": 19662276,
      "modified": 1411322138.0,
      "extension": ".ecfg"
    },
    {
      "name": "BEF_CM2350A_32.1.12.5_2014-07-16.ecfg",
      "type": "file",
      "size": 19662276,
      "modified": 1411322148.0,
      "extension": ".ecfg"
    },
    {
      "name": "BEF_CM2350A_32.1.13.2_2014-10-14.ecfg",
      "type": "file",
      "size": 19525314,
      "modified": 1429312092.0,
      "extension": ".ecfg"
    },
    {
      "name": "BEF_CM2350A_32.1.13.4_2018-02-27.ecfg",
      "type": "file",
      "size": 19565568,
      "modified": 1519739808.0,
      "extension": ".ecfg"
    },
    {
      "name": "BEF_CM2350A_32.1.14.1_2015-04-30.ecfg",
      "type": "file",
      "size": 19682595,
      "modified": 1443284444.0,
      "extension": ".ecfg"
    },
    {
      "name": "BEF_CM2350A_32.1.15.2_2016-03-18.ecfg",
      "type": "file",
      "size": 20063586,
      "modified": 1476140608.0,
      "extension": ".ecfg"
    },
    {
      "name": "BEF_CM2350A_32.1.15.3_2016-06-16.ecfg",
      "type": "file",
      "size": 20062856,
      "modified": 1471653560.0,
      "extension": ".ecfg"
    },
    {
      "name": "BEF_CM2350A_32.1.18.5_2017-09-19.ecfg",
      "type": "file",
      "size": 20350065,
      "modified": 1510329588.0,
      "extension": ".ecfg"
    },
    {
      "name": "BEF_CM2350A_32.1.18.6_2018-04-09.ecfg",
      "type": "file",
      "size": 20350249,
      "modified": 1524243846.0,
      "extension": ".ecfg"
    },
    {
      "name": "BEF_CM2350A_32.1.8.1_2012-08-24.ecfg",
      "type": "file",
      "size": 18327268,
      "modified": 1411359086.0,
      "extension": ".ecfg"
    },
    {
      "name": "BEF_CM2350A_32.1.8.1_2012-08-24_1.ecfg",
      "type": "file",
      "size": 18327268,
      "modified": 1411359092.0,
      "extension": ".ecfg"
    },
    {
      "name": "BEF_CM2350A_32.1.99.1_2017-06-26.ecfg",
      "type": "file",
      "size": 19563307,
      "modified": 1498491886.0,
      "extension": ".ecfg"
    },
    {
      "name": "BEF_CM2350A_32.6.15.3_2016-08-31.ecfg",
      "type": "file",
      "size": 20062896,
      "modified": 1494274948.0,
      "extension": ".ecfg"
    },
    {
      "name": "BEF_CM2350A_32.6.16.1_2017-08-22.ecfg",
      "type": "file",
      "size": 20100660,
      "modified": 1508510238.0,
      "extension": ".ecfg"
    },
    {
      "name": "BEF_CM2350A_7.20.18.2_2018-04-06.ecfg",
      "type": "file",
      "size": 20422395,
      "modified": 1538147448.0,
      "extension": ".ecfg"
    }
  ],
  "depth": 2
}