{
  "name": "BEG",
  "path": "- ECFG ECM -\\CM2350\\BEG",
  "type": "folder",
  "item_count": 12,
  "items": [
    {
      "name": "BEG_CM2350A_32.0.0.0_2013-05-13.ecfg",
      "type": "file",
      "size": 16918548,
      "modified": 1390002538.0,
      "extension": ".ecfg"
    },
    {
      "name": "BEG_CM2350A_32.0.11.11_2013-10-23.ecfg",
      "type": "file",
      "size": 19306251,
      "modified": 1411325790.0,
      "extension": ".ecfg"
    },
    {
      "name": "BEG_CM2350A_32.0.11.6_2013-08-05.ecfg",
      "type": "file",
      "size": 19250798,
      "modified": 1380676822.0,
      "extension": ".ecfg"
    },
    {
      "name": "BEG_CM2350A_32.0.13.2_2015-03-04.ecfg",
      "type": "file",
      "size": 19469533,
      "modified": 1447507622.0,
      "extension": ".ecfg"
    },
    {
      "name": "BEG_CM2350A_32.0.15.1_2015-03-11.ecfg",
      "type": "file",
      "size": 19560326,
      "modified": 1449058326.0,
      "extension": ".ecfg"
    },
    {
      "name": "BEG_CM2350A_32.0.16.2_2016-05-04.ecfg",
      "type": "file",
      "size": 19879557,
      "modified": 1464233278.0,
      "extension": ".ecfg"
    },
    {
      "name": "BEG_CM2350A_32.0.18.6_2017-09-18.ecfg",
      "type": "file",
      "size": 20166955,
      "modified": 1510058780.0,
      "extension": ".ecfg"
    },
    {
      "name": "BEG_CM2350A_32.0.8.0_2012-07-11.ecfg",
      "type": "file",
      "size": 18023423,
      "modified": 1357664032.0,
      "extension": ".ecfg"
    },
    {
      "name": "BEG_CM2350A_32.0.8.0_2012-07-11_1.ecfg",
      "type": "file",
      "size": 18023423,
      "modified": 1365211746.0,
      "extension": ".ecfg"
    },
    {
      "name": "BEG_CM2350A_32.1.14.1_2015-04-30.ecfg",
      "type": "file",
      "size": 19682595,
      "modified": 1445353488.0,
      "extension": ".ecfg"
    },
    {
      "name": "BEG_CM2350A_32.1.15.3_2016-06-16.ecfg",
      "type": "file",
      "size": 20062856,
      "modified": 1474420752.0,
      "extension": ".ecfg"
    },
    {
      "name": "BEG_CM2350A_32.1.18.6_2018-04-09.ecfg",
      "type": "file",
      "size": 20350249,
      "modified": 1613813508.0,
      "extension": ".ecfg"
    }
  ],
  "depth": 2
}