{
  "name": "BEJ",
  "path": "- ECFG ECM -\\CM2350\\BEJ",
  "type": "folder",
  "item_count": 5,
  "items": [
    {
      "name": "BEJ_CM2350_32.4.0.21_2013-10-01.ecfg",
      "type": "file",
      "size": 15415749,
      "modified": 1411322394.0,
      "extension": ".ecfg"
    },
    {
      "name": "BEJ_CM2350_32.4.2.5_2014-04-10.ecfg",
      "type": "file",
      "size": 16571340,
      "modified": 1424746386.0,
      "extension": ".ecfg"
    },
    {
      "name": "BEJ_CM2350_32.4.3.3_2015-02-11.ecfg",
      "type": "file",
      "size": 17195097,
      "modified": 1481844560.0,
      "extension": ".ecfg"
    },
    {
      "name": "BEJ_CM2350_32.4.3.9_2017-03-06.ecfg",
      "type": "file",
      "size": 18802754,
      "modified": 1488865634.0,
      "extension": ".ecfg"
    },
    {
      "name": "BEJ_CM2350_32.4.3.9_2017-08-07.ecfg",
      "type": "file",
      "size": 18926372,
      "modified": 1502131702.0,
      "extension": ".ecfg"
    }
  ],
  "depth": 2
}