{
  "name": "BEK",
  "path": "- ECFG ECM -\\CM2350\\BEK",
  "type": "folder",
  "item_count": 6,
  "items": [
    {
      "name": "BEK_CM2350_32.4.0.21_2013-10-01.ecfg",
      "type": "file",
      "size": 10633469,
      "modified": 1411322404.0,
      "extension": ".ecfg"
    },
    {
      "name": "BEK_CM2350_32.4.2.5_2014-04-10.ecfg",
      "type": "file",
      "size": 11481346,
      "modified": 1424746390.0,
      "extension": ".ecfg"
    },
    {
      "name": "BEK_CM2350_32.4.3.3_2015-02-11.ecfg",
      "type": "file",
      "size": 11982254,
      "modified": 1481844586.0,
      "extension": ".ecfg"
    },
    {
      "name": "BEK_CM2350_32.4.3.7_2015-11-30.ecfg",
      "type": "file",
      "size": 12264264,
      "modified": 1462836198.0,
      "extension": ".ecfg"
    },
    {
      "name": "BEK_CM2350_32.4.3.9_2017-03-06.ecfg",
      "type": "file",
      "size": 13057201,
      "modified": 1488865326.0,
      "extension": ".ecfg"
    },
    {
      "name": "BEK_CM2350_32.4.3.9_2017-08-07.ecfg",
      "type": "file",
      "size": 13180819,
      "modified": 1502131756.0,
      "extension": ".ecfg"
    }
  ],
  "depth": 2
}