{
  "name": "BEL",
  "path": "- ECFG ECM -\\CM2350\\BEL",
  "type": "folder",
  "item_count": 10,
  "items": [
    {
      "name": "BEL_CM2350_32.4.1.8_2013-10-28.ecfg",
      "type": "file",
      "size": 16242183,
      "modified": 1435019516.0,
      "extension": ".ecfg"
    },
    {
      "name": "BEL_CM2350_32.4.3.17_2017-09-13.ecfg",
      "type": "file",
      "size": 19459900,
      "modified": 1506172582.0,
      "extension": ".ecfg"
    },
    {
      "name": "BEL_CM2350_32.4.3.18_2018-05-30.ecfg",
      "type": "file",
      "size": 19815821,
      "modified": 1529504996.0,
      "extension": ".ecfg"
    },
    {
      "name": "BEL_CM2350_32.4.3.3_2015-02-11.ecfg",
      "type": "file",
      "size": 17689181,
      "modified": 1450484088.0,
      "extension": ".ecfg"
    },
    {
      "name": "BEL_CM2350_32.4.3.3_2015-02-11_1.ecfg",
      "type": "file",
      "size": 17195097,
      "modified": 1449061932.0,
      "extension": ".ecfg"
    },
    {
      "name": "BEL_CM2350_32.4.3.7_2015-11-04.ecfg",
      "type": "file",
      "size": 18245932,
      "modified": 1458257154.0,
      "extension": ".ecfg"
    },
    {
      "name": "BEL_CM2350_32.4.3.8_2016-06-22.ecfg",
      "type": "file",
      "size": 18329714,
      "modified": 1466780636.0,
      "extension": ".ecfg"
    },
    {
      "name": "BEL_CM2350_32.4.3.8_2016-07-25.ecfg",
      "type": "file",
      "size": 18339335,
      "modified": 1477110966.0,
      "extension": ".ecfg"
    },
    {
      "name": "BEL_CM2350_32.4.3.9_2016-11-10.ecfg",
      "type": "file",
      "size": 18800948,
      "modified": 1480634274.0,
      "extension": ".ecfg"
    },
    {
      "name": "BEL_CM2350_32.4.3.9_2017-03-06.ecfg",
      "type": "file",
      "size": 18802754,
      "modified": 1490047818.0,
      "extension": ".ecfg"
    }
  ],
  "depth": 2
}