{
  "name": "BEM",
  "path": "- ECFG ECM -\\CM2350\\BEM",
  "type": "folder",
  "item_count": 10,
  "items": [
    {
      "name": "BEM_CM2350_32.4.1.8_2013-10-28.ecfg",
      "type": "file",
      "size": 11246850,
      "modified": 1435019524.0,
      "extension": ".ecfg"
    },
    {
      "name": "BEM_CM2350_32.4.3.17_2017-09-13.ecfg",
      "type": "file",
      "size": 13540843,
      "modified": 1506172582.0,
      "extension": ".ecfg"
    },
    {
      "name": "BEM_CM2350_32.4.3.18_2018-05-30.ecfg",
      "type": "file",
      "size": 13677722,
      "modified": 1529505248.0,
      "extension": ".ecfg"
    },
    {
      "name": "BEM_CM2350_32.4.3.3_2015-02-11.ecfg",
      "type": "file",
      "size": 12328818,
      "modified": 1449739076.0,
      "extension": ".ecfg"
    },
    {
      "name": "BEM_CM2350_32.4.3.3_2015-02-11_1.ecfg",
      "type": "file",
      "size": 11982254,
      "modified": 1449061942.0,
      "extension": ".ecfg"
    },
    {
      "name": "BEM_CM2350_32.4.3.7_2015-11-04.ecfg",
      "type": "file",
      "size": 12618792,
      "modified": 1458257162.0,
      "extension": ".ecfg"
    },
    {
      "name": "BEM_CM2350_32.4.3.8_2016-06-22.ecfg",
      "type": "file",
      "size": 12805104,
      "modified": 1466780636.0,
      "extension": ".ecfg"
    },
    {
      "name": "BEM_CM2350_32.4.3.8_2016-07-25.ecfg",
      "type": "file",
      "size": 12813474,
      "modified": 1477625786.0,
      "extension": ".ecfg"
    },
    {
      "name": "BEM_CM2350_32.4.3.9_2016-11-10.ecfg",
      "type": "file",
      "size": 13057037,
      "modified": 1480634350.0,
      "extension": ".ecfg"
    },
    {
      "name": "BEM_CM2350_32.4.3.9_2017-03-06.ecfg",
      "type": "file",
      "size": 13057201,
      "modified": 1490047860.0,
      "extension": ".ecfg"
    }
  ],
  "depth": 2
}