{
  "name": "BFG",
  "path": "- ECFG ECM -\\CM2880\\BFG",
  "type": "folder",
  "item_count": 8,
  "items": [
    {
      "name": "BFG_CM2880A_32.0.1.12_2013-09-04.ecfg",
      "type": "file",
      "size": 10484299,
      "modified": 1382053618.0,
      "extension": ".ecfg"
    },
    {
      "name": "BFG_CM2880A_32.0.1.18_2013-12-15.ecfg",
      "type": "file",
      "size": 10627093,
      "modified": 1390002556.0,
      "extension": ".ecfg"
    },
    {
      "name": "BFG_CM2880A_32.0.1.20_2014-02-10.ecfg",
      "type": "file",
      "size": 10670502,
      "modified": 1417821566.0,
      "extension": ".ecfg"
    },
    {
      "name": "BFG_CM2880A_32.0.1.22_2014-07-24.ecfg",
      "type": "file",
      "size": 10747600,
      "modified": 1412118424.0,
      "extension": ".ecfg"
    },
    {
      "name": "BFG_CM2880A_32.0.1.28_2015-06-29.ecfg",
      "type": "file",
      "size": 11025593,
      "modified": 1448068500.0,
      "extension": ".ecfg"
    },
    {
      "name": "BFG_CM2880A_32.0.1.32_2016-01-31.ecfg",
      "type": "file",
      "size": 11069657,
      "modified": 1464136822.0,
      "extension": ".ecfg"
    },
    {
      "name": "BFG_CM2880A_32.0.1.32_2016-02-02.ecfg",
      "type": "file",
      "size": 11069657,
      "modified": 1493853304.0,
      "extension": ".ecfg"
    },
    {
      "name": "BFG_CM2880C_32.0.1.20_2014-02-10.ecfg",
      "type": "file",
      "size": 10669017,
      "modified": 1411322532.0,
      "extension": ".ecfg"
    }
  ],
  "depth": 2
}