{
  "name": "BFT",
  "path": "- ECFG ECM -\\CM2250\\BFT",
  "type": "folder",
  "item_count": 5,
  "items": [
    {
      "name": "BFT_CM2250_25.3.0.3_2012-11-30.ecfg",
      "type": "file",
      "size": 7007806,
      "modified": 1411326252.0,
      "extension": ".ecfg"
    },
    {
      "name": "BFT_CM2250_25.3.0.4_2013-09-09.ecfg",
      "type": "file",
      "size": 7064166,
      "modified": 1430271092.0,
      "extension": ".ecfg"
    },
    {
      "name": "BFT_CM2250_25.3.0.5_2015-05-01.ecfg",
      "type": "file",
      "size": 7129974,
      "modified": 1459990466.0,
      "extension": ".ecfg"
    },
    {
      "name": "BFT_CM2250_25.3.0.6_2016-04-01.ecfg",
      "type": "file",
      "size": 7148456,
      "modified": 1516635254.0,
      "extension": ".ecfg"
    },
    {
      "name": "BFT_CM2250_25.3.0.6_2017-11-07.ecfg",
      "type": "file",
      "size": 7222204,
      "modified": 1532344900.0,
      "extension": ".ecfg"
    }
  ],
  "depth": 2
}