{
  "name": "BFV",
  "path": "- ECFG ECM -\\CM2350\\BFV",
  "type": "folder",
  "item_count": 14,
  "items": [
    {
      "name": "BFV_CM2350A_14.40.17.4_2018-04-06.ecfg",
      "type": "file",
      "size": 19987053,
      "modified": 1536154426.0,
      "extension": ".ecfg"
    },
    {
      "name": "BFV_CM2350A_32.2.11.0_2014-01-21.ecfg",
      "type": "file",
      "size": 18973899,
      "modified": 1411322718.0,
      "extension": ".ecfg"
    },
    {
      "name": "BFV_CM2350A_32.2.12.0_2014-08-19.ecfg",
      "type": "file",
      "size": 19645245,
      "modified": 1422060504.0,
      "extension": ".ecfg"
    },
    {
      "name": "BFV_CM2350A_32.2.12.1_2015-01-28.ecfg",
      "type": "file",
      "size": 19649961,
      "modified": 1423112588.0,
      "extension": ".ecfg"
    },
    {
      "name": "BFV_CM2350A_32.2.13.4_2015-02-04.ecfg",
      "type": "file",
      "size": 19734516,
      "modified": 1428624546.0,
      "extension": ".ecfg"
    },
    {
      "name": "BFV_CM2350A_32.2.13.5_2015-03-12.ecfg",
      "type": "file",
      "size": 19742869,
      "modified": 1430816242.0,
      "extension": ".ecfg"
    },
    {
      "name": "BFV_CM2350A_32.2.15.1_2015-07-10.ecfg",
      "type": "file",
      "size": 19749293,
      "modified": 1464911308.0,
      "extension": ".ecfg"
    },
    {
      "name": "BFV_CM2350A_32.2.16.1_2016-03-23.ecfg",
      "type": "file",
      "size": 19931483,
      "modified": 1464233324.0,
      "extension": ".ecfg"
    },
    {
      "name": "BFV_CM2350A_32.2.18.4_2017-08-28.ecfg",
      "type": "file",
      "size": 19989125,
      "modified": 1510605724.0,
      "extension": ".ecfg"
    },
    {
      "name": "BFV_CM2350A_32.2.18.6_2018-04-18.ecfg",
      "type": "file",
      "size": 19989309,
      "modified": 1524244146.0,
      "extension": ".ecfg"
    },
    {
      "name": "BFV_CM2350A_32.2.6.0_2012-11-05.ecfg",
      "type": "file",
      "size": 18213706,
      "modified": 1411359672.0,
      "extension": ".ecfg"
    },
    {
      "name": "BFV_CM2350A_32.2.6.0_2012-11-05_1.ecfg",
      "type": "file",
      "size": 18212968,
      "modified": 1411359678.0,
      "extension": ".ecfg"
    },
    {
      "name": "BFV_CM2350A_32.2.7.0_2013-02-11.ecfg",
      "type": "file",
      "size": 17987466,
      "modified": 1411359684.0,
      "extension": ".ecfg"
    },
    {
      "name": "BFV_CM2350A_32.2.9.0_2013-08-21.ecfg",
      "type": "file",
      "size": 18310314,
      "modified": 1411359694.0,
      "extension": ".ecfg"
    }
  ],
  "depth": 2
}