{
  "name": "BFW",
  "path": "- ECFG ECM -\\CM2350\\BFW",
  "type": "folder",
  "item_count": 11,
  "items": [
    {
      "name": "BFW_CM2350_32.4.0.10_2013-03-13.ecfg",
      "type": "file",
      "size": 12763912,
      "modified": 1368750012.0,
      "extension": ".ecfg"
    },
    {
      "name": "BFW_CM2350_32.4.0.12_2013-08-13.ecfg",
      "type": "file",
      "size": 13177193,
      "modified": 1389309904.0,
      "extension": ".ecfg"
    },
    {
      "name": "BFW_CM2350_32.4.2.4_2014-03-24.ecfg",
      "type": "file",
      "size": 15118171,
      "modified": 1400191920.0,
      "extension": ".ecfg"
    },
    {
      "name": "BFW_CM2350_32.4.2.6_2014-05-21.ecfg",
      "type": "file",
      "size": 15292145,
      "modified": 1411326322.0,
      "extension": ".ecfg"
    },
    {
      "name": "BFW_CM2350_32.4.3.11_2015-11-02.ecfg",
      "type": "file",
      "size": 16261714,
      "modified": 1468375730.0,
      "extension": ".ecfg"
    },
    {
      "name": "BFW_CM2350_32.4.3.13_2016-09-09.ecfg",
      "type": "file",
      "size": 18016738,
      "modified": 1483659554.0,
      "extension": ".ecfg"
    },
    {
      "name": "BFW_CM2350_32.4.3.15_2017-01-09.ecfg",
      "type": "file",
      "size": 18213388,
      "modified": 1493328770.0,
      "extension": ".ecfg"
    },
    {
      "name": "BFW_CM2350_32.4.3.16_2017-04-06.ecfg",
      "type": "file",
      "size": 18242362,
      "modified": 1491535062.0,
      "extension": ".ecfg"
    },
    {
      "name": "BFW_CM2350_32.4.3.2_2014-11-12.ecfg",
      "type": "file",
      "size": 15645023,
      "modified": 1422662710.0,
      "extension": ".ecfg"
    },
    {
      "name": "BFW_CM2350_32.4.3.7_2015-05-26.ecfg",
      "type": "file",
      "size": 15864058,
      "modified": 1444707912.0,
      "extension": ".ecfg"
    },
    {
      "name": "BFW_CM2350_32.4.3.9_2015-08-28.ecfg",
      "type": "file",
      "size": 15985311,
      "modified": 1452123744.0,
      "extension": ".ecfg"
    }
  ],
  "depth": 2
}