{
  "name": "BFX",
  "path": "- ECFG ECM -\\CM2350\\BFX",
  "type": "folder",
  "item_count": 11,
  "items": [
    {
      "name": "BFX_CM2350_32.4.0.10_2013-03-13.ecfg",
      "type": "file",
      "size": 9072077,
      "modified": 1368750034.0,
      "extension": ".ecfg"
    },
    {
      "name": "BFX_CM2350_32.4.0.12_2013-08-13.ecfg",
      "type": "file",
      "size": 9158169,
      "modified": 1389309930.0,
      "extension": ".ecfg"
    },
    {
      "name": "BFX_CM2350_32.4.2.4_2014-03-24.ecfg",
      "type": "file",
      "size": 10769103,
      "modified": 1400191936.0,
      "extension": ".ecfg"
    },
    {
      "name": "BFX_CM2350_32.4.2.6_2014-05-21.ecfg",
      "type": "file",
      "size": 10851384,
      "modified": 1411326330.0,
      "extension": ".ecfg"
    },
    {
      "name": "BFX_CM2350_32.4.3.11_2015-11-02.ecfg",
      "type": "file",
      "size": 11611996,
      "modified": 1468375766.0,
      "extension": ".ecfg"
    },
    {
      "name": "BFX_CM2350_32.4.3.13_2016-09-09.ecfg",
      "type": "file",
      "size": 12991842,
      "modified": 1483659592.0,
      "extension": ".ecfg"
    },
    {
      "name": "BFX_CM2350_32.4.3.15_2017-01-09.ecfg",
      "type": "file",
      "size": 13198219,
      "modified": 1493328786.0,
      "extension": ".ecfg"
    },
    {
      "name": "BFX_CM2350_32.4.3.16_2017-04-06.ecfg",
      "type": "file",
      "size": 13225271,
      "modified": 1491535114.0,
      "extension": ".ecfg"
    },
    {
      "name": "BFX_CM2350_32.4.3.2_2015-01-13.ecfg",
      "type": "file",
      "size": 11129580,
      "modified": 1422662730.0,
      "extension": ".ecfg"
    },
    {
      "name": "BFX_CM2350_32.4.3.7_2015-05-26.ecfg",
      "type": "file",
      "size": 11244707,
      "modified": 1444707938.0,
      "extension": ".ecfg"
    },
    {
      "name": "BFX_CM2350_32.4.3.9_2015-08-28.ecfg",
      "type": "file",
      "size": 11353202,
      "modified": 1452123768.0,
      "extension": ".ecfg"
    }
  ],
  "depth": 2
}