{
  "name": "BFY",
  "path": "- ECFG ECM -\\CM3230\\BFY",
  "type": "folder",
  "item_count": 18,
  "items": [
    {
      "name": "BFY_CM3230_9.40.7.25_2014-02-04.ecfg",
      "type": "file",
      "size": 18880948,
      "modified": 1411363348.0,
      "extension": ".ecfg"
    },
    {
      "name": "BFY_CM3230_9.40.7.38_2014-04-24.ecfg",
      "type": "file",
      "size": 19289413,
      "modified": 1402560150.0,
      "extension": ".ecfg"
    },
    {
      "name": "BFY_CM3230_9.40.7.43_2014-07-15.ecfg",
      "type": "file",
      "size": 19608989,
      "modified": 1411326334.0,
      "extension": ".ecfg"
    },
    {
      "name": "BFY_CM3230_9.40.7.47_2014-10-09.ecfg",
      "type": "file",
      "size": 19603550,
      "modified": 1416876714.0,
      "extension": ".ecfg"
    },
    {
      "name": "BFY_CM3230_9.40.7.54_2015-01-08.ecfg",
      "type": "file",
      "size": 19825526,
      "modified": 1425948930.0,
      "extension": ".ecfg"
    },
    {
      "name": "BFY_CM3230_9.40.7.57_2015-03-09.ecfg",
      "type": "file",
      "size": 19843911,
      "modified": 1427501546.0,
      "extension": ".ecfg"
    },
    {
      "name": "BFY_CM3230_9.40.7.63_2015-05-20.ecfg",
      "type": "file",
      "size": 19981431,
      "modified": 1442454130.0,
      "extension": ".ecfg"
    },
    {
      "name": "BFY_CM3230_9.40.7.64_2015-07-13.ecfg",
      "type": "file",
      "size": 19802317,
      "modified": 1442883476.0,
      "extension": ".ecfg"
    },
    {
      "name": "BFY_CM3230_9.40.7.66_2015-10-15.ecfg",
      "type": "file",
      "size": 19806275,
      "modified": 1465000140.0,
      "extension": ".ecfg"
    },
    {
      "name": "BFY_CM3230_9.40.7.67_2016-07-18.ecfg",
      "type": "file",
      "size": 19806631,
      "modified": 1480550406.0,
      "extension": ".ecfg"
    },
    {
      "name": "BFY_CM3230_9.40.7.6_2013-09-06.ecfg",
      "type": "file",
      "size": 17842144,
      "modified": 1411363342.0,
      "extension": ".ecfg"
    },
    {
      "name": "BFY_CM3230_9.40.8.75_2015-10-14.ecfg",
      "type": "file",
      "size": 20645585,
      "modified": 1448494010.0,
      "extension": ".ecfg"
    },
    {
      "name": "BFY_CM3230_9.40.8.79_2016-01-06.ecfg",
      "type": "file",
      "size": 20657922,
      "modified": 1459402962.0,
      "extension": ".ecfg"
    },
    {
      "name": "BFY_CM3230_9.40.8.84_2016-05-16.ecfg",
      "type": "file",
      "size": 20698666,
      "modified": 1467338384.0,
      "extension": ".ecfg"
    },
    {
      "name": "BFY_CM3230_9.40.8.85_2016-07-18.ecfg",
      "type": "file",
      "size": 20698682,
      "modified": 1479512964.0,
      "extension": ".ecfg"
    },
    {
      "name": "BFY_CM3230_9.50.1.4_2016-10-28.ecfg",
      "type": "file",
      "size": 20930497,
      "modified": 1485221026.0,
      "extension": ".ecfg"
    },
    {
      "name": "BFY_CM3230_9.60.1.2_2017-09-18.ecfg",
      "type": "file",
      "size": 21131425,
      "modified": 1516026326.0,
      "extension": ".ecfg"
    },
    {
      "name": "BFY_CM3230_9.60.1.2_2017-09-18_1.ecfg",
      "type": "file",
      "size": 21131425,
      "modified": 1527605974.0,
      "extension": ".ecfg"
    }
  ],
  "depth": 2
}