{
  "name": "BGB",
  "path": "- ECFG ECM -\\CM2350\\BGB",
  "type": "folder",
  "item_count": 9,
  "items": [
    {
      "name": "BGB_CM2350A_32.3.1.0_2013-01-10.ecfg",
      "type": "file",
      "size": 16707571,
      "modified": 1411326354.0,
      "extension": ".ecfg"
    },
    {
      "name": "BGB_CM2350A_32.3.10.1_2014-08-11.ecfg",
      "type": "file",
      "size": 18543329,
      "modified": 1422579926.0,
      "extension": ".ecfg"
    },
    {
      "name": "BGB_CM2350A_32.3.11.2_2015-04-07.ecfg",
      "type": "file",
      "size": 18702596,
      "modified": 1449621822.0,
      "extension": ".ecfg"
    },
    {
      "name": "BGB_CM2350A_32.3.18.5_2017-09-19.ecfg",
      "type": "file",
      "size": 19471155,
      "modified": 1511180218.0,
      "extension": ".ecfg"
    },
    {
      "name": "BGB_CM2350A_32.3.18.6_2018-04-09.ecfg",
      "type": "file",
      "size": 19471339,
      "modified": 1524243740.0,
      "extension": ".ecfg"
    },
    {
      "name": "BGB_CM2350A_32.3.7.0_2013-11-07.ecfg",
      "type": "file",
      "size": 18117744,
      "modified": 1411363382.0,
      "extension": ".ecfg"
    },
    {
      "name": "BGB_CM2350A_32.3.8.0_2013-12-18.ecfg",
      "type": "file",
      "size": 18206232,
      "modified": 1411326362.0,
      "extension": ".ecfg"
    },
    {
      "name": "BGB_CM2350A_32.3.9.2_2014-07-02.ecfg",
      "type": "file",
      "size": 18488428,
      "modified": 1412293766.0,
      "extension": ".ecfg"
    },
    {
      "name": "BGB_CM2350A_33.0.0.2_2015-11-23.ecfg",
      "type": "file",
      "size": 20346590,
      "modified": 1553611048.0,
      "extension": ".ecfg"
    }
  ],
  "depth": 2
}