{
  "name": "BGE",
  "path": "- ECFG ECM -\\CM2880\\BGE",
  "type": "folder",
  "item_count": 4,
  "items": [
    {
      "name": "BGE_CM2880B_32.0.0.16_2013-10-12.ecfg",
      "type": "file",
      "size": 13590796,
      "modified": 1383607430.0,
      "extension": ".ecfg"
    },
    {
      "name": "BGE_CM2880B_32.0.0.20_2014-04-09.ecfg",
      "type": "file",
      "size": 14007711,
      "modified": 1411326368.0,
      "extension": ".ecfg"
    },
    {
      "name": "BGE_CM2880B_32.0.0.22_2014-09-29.ecfg",
      "type": "file",
      "size": 14035422,
      "modified": 1419638006.0,
      "extension": ".ecfg"
    },
    {
      "name": "BGE_CM2880B_32.0.0.28_2016-03-07.ecfg",
      "type": "file",
      "size": 14364387,
      "modified": 1473742876.0,
      "extension": ".ecfg"
    }
  ],
  "depth": 2
}