{
  "name": "BGT",
  "path": "- ECFG ECM -\\CM2350\\BGT",
  "type": "folder",
  "item_count": 15,
  "items": [
    {
      "name": "BGT_CM2350A_60.20.70.4_2014-03-25.ecfg",
      "type": "file",
      "size": 19059643,
      "modified": 1411359874.0,
      "extension": ".ecfg"
    },
    {
      "name": "BGT_CM2350A_60.20.70.5_2014-06-06.ecfg",
      "type": "file",
      "size": 19043617,
      "modified": 1411322840.0,
      "extension": ".ecfg"
    },
    {
      "name": "BGT_CM2350A_60.20.70.9_2014-08-18.ecfg",
      "type": "file",
      "size": 18905405,
      "modified": 1411516760.0,
      "extension": ".ecfg"
    },
    {
      "name": "BGT_CM2350A_60.40.70.7_2015-08-18.ecfg",
      "type": "file",
      "size": 19946636,
      "modified": 1443668220.0,
      "extension": ".ecfg"
    },
    {
      "name": "BGT_CM2350A_60.40.70.9_2015-10-26.ecfg",
      "type": "file",
      "size": 20055609,
      "modified": 1449924042.0,
      "extension": ".ecfg"
    },
    {
      "name": "BGT_CM2350A_60.50.70.6_2016-07-29.ecfg",
      "type": "file",
      "size": 21233791,
      "modified": 1472795608.0,
      "extension": ".ecfg"
    },
    {
      "name": "BGT_CM2350A_60.60.70.1_2016-08-18.ecfg",
      "type": "file",
      "size": 21244969,
      "modified": 1478835046.0,
      "extension": ".ecfg"
    },
    {
      "name": "BGT_CM2350A_60.70.17.15_2017-09-06.ecfg",
      "type": "file",
      "size": 21388338,
      "modified": 1504709260.0,
      "extension": ".ecfg"
    },
    {
      "name": "BGT_CM2350A_60.70.17.18_2018-03-01.ecfg",
      "type": "file",
      "size": 21389015,
      "modified": 1520888725.0,
      "extension": ".ecfg"
    },
    {
      "name": "BGT_CM2350A_60.70.17.21_2017-12-18.ecfg",
      "type": "file",
      "size": 22075125,
      "modified": 1513632916.0,
      "extension": ".ecfg"
    },
    {
      "name": "BGT_CM2350A_60.70.17.2_2017-03-16.ecfg",
      "type": "file",
      "size": 21154316,
      "modified": 1518161416.0,
      "extension": ".ecfg"
    },
    {
      "name": "BGT_CM2350A_60.70.17.31_2018-05-25.ecfg",
      "type": "file",
      "size": 22413193,
      "modified": 1527279096.0,
      "extension": ".ecfg"
    },
    {
      "name": "BGT_CM2350A_60.70.18.31_2018-05-31.ecfg",
      "type": "file",
      "size": 22413193,
      "modified": 1527770282.0,
      "extension": ".ecfg"
    },
    {
      "name": "BGT_CM2350A_60.70.70.1_2016-10-24.ecfg",
      "type": "file",
      "size": 20800376,
      "modified": 1518343890.0,
      "extension": ".ecfg"
    },
    {
      "name": "BGT_CM2350A_60.70.70.2_2017-01-30.ecfg",
      "type": "file",
      "size": 20800532,
      "modified": 1518343888.0,
      "extension": ".ecfg"
    }
  ],
  "depth": 2
}