{
  "name": "BGV",
  "path": "- ECFG ECM -\\CM2350\\BGV",
  "type": "folder",
  "item_count": 20,
  "items": [
    {
      "name": "BGV_CM2350A_23.10.70.1_2015-05-07.ecfg",
      "type": "file",
      "size": 19024768,
      "modified": 1437791572.0,
      "extension": ".ecfg"
    },
    {
      "name": "BGV_CM2350A_23.30.70.2_2015-08-10.ecfg",
      "type": "file",
      "size": 19614817,
      "modified": 1444364900.0,
      "extension": ".ecfg"
    },
    {
      "name": "BGV_CM2350A_23.40.70.2_2015-12-01.ecfg",
      "type": "file",
      "size": 19725230,
      "modified": 1454472184.0,
      "extension": ".ecfg"
    },
    {
      "name": "BGV_CM2350A_23.40.70.6_2016-03-07.ecfg",
      "type": "file",
      "size": 19893724,
      "modified": 1459406580.0,
      "extension": ".ecfg"
    },
    {
      "name": "BGV_CM2350A_23.50.70.4_2016-05-11.ecfg",
      "type": "file",
      "size": 20134924,
      "modified": 1465866720.0,
      "extension": ".ecfg"
    },
    {
      "name": "BGV_CM2350A_23.50.70.7_2016-08-01.ecfg",
      "type": "file",
      "size": 20278401,
      "modified": 1472799256.0,
      "extension": ".ecfg"
    },
    {
      "name": "BGV_CM2350A_23.60.70.2_2016-11-04.ecfg",
      "type": "file",
      "size": 20357816,
      "modified": 1481256122.0,
      "extension": ".ecfg"
    },
    {
      "name": "BGV_CM2350A_23.60.70.4_2017-03-16.ecfg",
      "type": "file",
      "size": 20372818,
      "modified": 1491002978.0,
      "extension": ".ecfg"
    },
    {
      "name": "BGV_CM2350A_23.70.17.13_2018-01-16.ecfg",
      "type": "file",
      "size": 21129702,
      "modified": 1521033608.0,
      "extension": ".ecfg"
    },
    {
      "name": "BGV_CM2350A_23.70.17.16_2018-06-13.ecfg",
      "type": "file",
      "size": 21159596,
      "modified": 1536257600.0,
      "extension": ".ecfg"
    },
    {
      "name": "BGV_CM2350A_23.70.17.5_2017-08-23.ecfg",
      "type": "file",
      "size": 20889972,
      "modified": 1511363356.0,
      "extension": ".ecfg"
    },
    {
      "name": "BGV_CM2350A_23.70.17.6_2017-12-01.ecfg",
      "type": "file",
      "size": 20891791,
      "modified": 1515432970.0,
      "extension": ".ecfg"
    },
    {
      "name": "BGV_CM2350A_23.70.18.14_2018-04-23.ecfg",
      "type": "file",
      "size": 21131077,
      "modified": 1525792142.0,
      "extension": ".ecfg"
    },
    {
      "name": "BGV_CM2350A_23.70.18.16_2018-06-13.ecfg",
      "type": "file",
      "size": 20568560,
      "modified": 1535463742.0,
      "extension": ".ecfg"
    },
    {
      "name": "BGV_CM2350A_23.70.18.5_2017-08-23.ecfg",
      "type": "file",
      "size": 20889984,
      "modified": 1511359620.0,
      "extension": ".ecfg"
    },
    {
      "name": "BGV_CM2350A_23.70.18.6_2017-12-01.ecfg",
      "type": "file",
      "size": 20891803,
      "modified": 1512768230.0,
      "extension": ".ecfg"
    },
    {
      "name": "BGV_CM2350A_23.70.19.23_2018-06-25.ecfg",
      "type": "file",
      "size": 21502030,
      "modified": 1535055132.0,
      "extension": ".ecfg"
    },
    {
      "name": "BGV_CM2350A_23.70.70.3_2017-03-16.ecfg",
      "type": "file",
      "size": 20640875,
      "modified": 1495559710.0,
      "extension": ".ecfg"
    },
    {
      "name": "BGV_CM2350A_23.70.70.3_2017-03-16_1.ecfg",
      "type": "file",
      "size": 20640875,
      "modified": 1493849726.0,
      "extension": ".ecfg"
    },
    {
      "name": "BGV_CM2350A_23.70.70.4_2017-08-18.ecfg",
      "type": "file",
      "size": 20641005,
      "modified": 1505852236.0,
      "extension": ".ecfg"
    }
  ],
  "depth": 2
}