{
  "name": "BIE",
  "path": "- ECFG ECM -\\CM2350\\BIE",
  "type": "folder",
  "item_count": 11,
  "items": [
    {
      "name": "BIE_CM2350A_11.40.17.4_2017-04-12.ecfg",
      "type": "file",
      "size": 22089664,
      "modified": 1553611072.0,
      "extension": ".ecfg"
    },
    {
      "name": "BIE_CM2350A_11.40.17.7_2017-07-31.ecfg",
      "type": "file",
      "size": 22226168,
      "modified": 1536274078.0,
      "extension": ".ecfg"
    },
    {
      "name": "BIE_CM2350A_11.50.17.3_2017-10-05.ecfg",
      "type": "file",
      "size": 22899426,
      "modified": 1536274172.0,
      "extension": ".ecfg"
    },
    {
      "name": "BIE_CM2350A_11.60.18.6_2018-07-02.ecfg",
      "type": "file",
      "size": 23113096,
      "modified": 1553611086.0,
      "extension": ".ecfg"
    },
    {
      "name": "BIE_CM2350A_11.70.19.0_2019-03-19.ecfg",
      "type": "file",
      "size": 23267414,
      "modified": 1586175030.0,
      "extension": ".ecfg"
    },
    {
      "name": "BIE_CM2350A_11.70.19.0_2019-06-10.ecfg",
      "type": "file",
      "size": 23257324,
      "modified": 1571144882.0,
      "extension": ".ecfg"
    },
    {
      "name": "BIE_CM2350A_11.70.19.2_2019-08-29.ecfg",
      "type": "file",
      "size": 23267414,
      "modified": 1586175008.0,
      "extension": ".ecfg"
    },
    {
      "name": "BIE_CM2350A_33.0.0.2_2015-11-23.ecfg",
      "type": "file",
      "size": 20346590,
      "modified": 1553611060.0,
      "extension": ".ecfg"
    },
    {
      "name": "BIE_CM2350A_33.22.1.1_2016-05-12.ecfg",
      "type": "file",
      "size": 21924457,
      "modified": 1536274380.0,
      "extension": ".ecfg"
    },
    {
      "name": "BIE_CM2350A_5.60.19.0_2019-03-19.ecfg",
      "type": "file",
      "size": 23184343,
      "modified": 1571144852.0,
      "extension": ".ecfg"
    },
    {
      "name": "BIE_CM2350A_5.60.19.1_2019-05-14.ecfg",
      "type": "file",
      "size": 23185679,
      "modified": 1586175050.0,
      "extension": ".ecfg"
    }
  ],
  "depth": 2
}