{
  "name": "BIX",
  "path": "- ECFG ECM -\\CM2380\\BIX",
  "type": "folder",
  "item_count": 5,
  "items": [
    {
      "name": "BIX_CM2380A_33.50.2.14_2016-11-16.ecfg",
      "type": "file",
      "size": 11059076,
      "modified": 1484039026.0,
      "extension": ".ecfg"
    },
    {
      "name": "BIX_CM2380A_33.50.6.79_2017-09-28.ecfg",
      "type": "file",
      "size": 12307463,
      "modified": 1507640744.0,
      "extension": ".ecfg"
    },
    {
      "name": "BIX_CM2380A_33.50.7.19_2017-11-01.ecfg",
      "type": "file",
      "size": 12369441,
      "modified": 1511365256.0,
      "extension": ".ecfg"
    },
    {
      "name": "BIX_CM2380A_33.50.8.19_2018-05-17.ecfg",
      "type": "file",
      "size": 12410711,
      "modified": 1530884494.0,
      "extension": ".ecfg"
    },
    {
      "name": "BIX_CM2380A_33.50.9.25_2018-09-21.ecfg",
      "type": "file",
      "size": 12677615,
      "modified": 1542049150.0,
      "extension": ".ecfg"
    }
  ],
  "depth": 2
}