{
  "name": "BIY",
  "path": "- ECFG ECM -\\CM2380\\BIY",
  "type": "folder",
  "item_count": 6,
  "items": [
    {
      "name": "BIY_CM2380A_33.0.3.1_2016-11-18.ecfg",
      "type": "file",
      "size": 11059068,
      "modified": 1485585946.0,
      "extension": ".ecfg"
    },
    {
      "name": "BIY_CM2380A_33.0.6.79_2017-09-28.ecfg",
      "type": "file",
      "size": 12307457,
      "modified": 1507215446.0,
      "extension": ".ecfg"
    },
    {
      "name": "BIY_CM2380A_33.0.7.19_2017-11-01.ecfg",
      "type": "file",
      "size": 12369435,
      "modified": 1511367362.0,
      "extension": ".ecfg"
    },
    {
      "name": "BIY_CM2380A_33.0.8.19_2018-05-17.ecfg",
      "type": "file",
      "size": 12410705,
      "modified": 1527793792.0,
      "extension": ".ecfg"
    },
    {
      "name": "BIY_CM2380A_33.0.9.25_2018-09-21.ecfg",
      "type": "file",
      "size": 12677609,
      "modified": 1541699982.0,
      "extension": ".ecfg"
    },
    {
      "name": "BIY_CM2380A_33.46.46.1_2018-10-04.ecfg",
      "type": "file",
      "size": 12824759,
      "modified": 1549045118.0,
      "extension": ".ecfg"
    }
  ],
  "depth": 2
}