{
  "name": "BIZ",
  "path": "- ECFG ECM -\\CM2380\\BIZ",
  "type": "folder",
  "item_count": 7,
  "items": [
    {
      "name": "BIZ_CM2380A_33.20.2.17_2016-11-16.ecfg",
      "type": "file",
      "size": 11557375,
      "modified": 1486170708.0,
      "extension": ".ecfg"
    },
    {
      "name": "BIZ_CM2380A_33.20.4.90_2017-03-03.ecfg",
      "type": "file",
      "size": 12079308,
      "modified": 1489409400.0,
      "extension": ".ecfg"
    },
    {
      "name": "BIZ_CM2380A_33.20.6.79_2017-10-10.ecfg",
      "type": "file",
      "size": 13173595,
      "modified": 1509638050.0,
      "extension": ".ecfg"
    },
    {
      "name": "BIZ_CM2380A_33.20.7.20_2017-11-03.ecfg",
      "type": "file",
      "size": 13233288,
      "modified": 1512480256.0,
      "extension": ".ecfg"
    },
    {
      "name": "BIZ_CM2380A_33.20.7.21_2018-02-02.ecfg",
      "type": "file",
      "size": 13233288,
      "modified": 1519047986.0,
      "extension": ".ecfg"
    },
    {
      "name": "BIZ_CM2380A_33.20.8.19_2018-05-17.ecfg",
      "type": "file",
      "size": 13274374,
      "modified": 1527086640.0,
      "extension": ".ecfg"
    },
    {
      "name": "BIZ_CM2380A_33.20.9.25_2018-09-21.ecfg",
      "type": "file",
      "size": 13546318,
      "modified": 1541705772.0,
      "extension": ".ecfg"
    }
  ],
  "depth": 2
}