{
  "name": "BJI",
  "path": "- ECFG ECM -\\CM2350\\BJI",
  "type": "folder",
  "item_count": 4,
  "items": [
    {
      "name": "BJI_CM2350A_13.20.17.1_2017-06-26.ecfg",
      "type": "file",
      "size": 21658087,
      "modified": 1507732246.0,
      "extension": ".ecfg"
    },
    {
      "name": "BJI_CM2350A_13.40.17.4_2018-01-24.ecfg",
      "type": "file",
      "size": 22543314,
      "modified": 1537797600.0,
      "extension": ".ecfg"
    },
    {
      "name": "BJI_CM2350A_13.50.18.5_2018-11-13.ecfg",
      "type": "file",
      "size": 22923521,
      "modified": 1543447602.0,
      "extension": ".ecfg"
    },
    {
      "name": "BJI_CM2350A_32.2.16.1_2016-03-23.ecfg",
      "type": "file",
      "size": 20503704,
      "modified": 1479428388.0,
      "extension": ".ecfg"
    }
  ],
  "depth": 2
}