{
  "name": "BKR",
  "path": "- ECFG ECM -\\CM2450\\BKR",
  "type": "folder",
  "item_count": 6,
  "items": [
    {
      "name": "BKR_CM2450A_62.40.20.34_2019-01-13.ecfg",
      "type": "file",
      "size": 23434285,
      "modified": 1571144052.0,
      "extension": ".ecfg"
    },
    {
      "name": "BKR_CM2450A_62.50.20.4_2019-08-04.ecfg",
      "type": "file",
      "size": 24021225,
      "modified": 1571144078.0,
      "extension": ".ecfg"
    },
    {
      "name": "BKR_CM2450A_62.60.20.4_2019-11-06.ecfg",
      "type": "file",
      "size": 24118737,
      "modified": 1586173614.0,
      "extension": ".ecfg"
    },
    {
      "name": "BKR_CM2450A_62.70.20.1_2020-01-15.ecfg",
      "type": "file",
      "size": 24878774,
      "modified": 1586173760.0,
      "extension": ".ecfg"
    },
    {
      "name": "BKR_CM2450A_64.40.21.3_2020-01-24.ecfg",
      "type": "file",
      "size": 25192578,
      "modified": 1586173662.0,
      "extension": ".ecfg"
    },
    {
      "name": "BKR_CM2450A_64.60.21.5_2020-12-08.ecfg",
      "type": "file",
      "size": 25971397,
      "modified": 1613756344.0,
      "extension": ".ecfg"
    }
  ],
  "depth": 2
}