{
  "name": "BMW",
  "path": "-DAMOS-\\CAR\\BMW",
  "type": "folder",
  "item_count": 137,
  "items": [
    {
      "name": "00 BMW Bikes",
      "type": "folder",
      "has_children": true,
      "item_count": 1,
      "depth": 3
    },
    {
      "name": "01 EDC 15",
      "type": "folder",
      "has_children": true,
      "item_count": 8,
      "depth": 3
    },
    {
      "name": "02 EDC 16",
      "type": "folder",
      "has_children": true,
      "item_count": 42,
      "depth": 3
    },
    {
      "name": "03 EDC17xx",
      "type": "folder",
      "has_children": true,
      "item_count": 8,
      "depth": 3
    },
    {
      "name": "Alpina_F01_3.0_410PS_MEVD17.2.6__531025__Original",
      "type": "folder",
      "has_children": false,
      "item_count": 1,
      "depth": 3
    },
    {
      "name": "BMW    ZF 8-Speed 8HP45  BMW_8HPXY_AT50012_Z0BA6800_J680A F25-N47D20O1-EUR-  Original",
      "type": "folder",
      "has_children": false,
      "item_count": 1,
      "depth": 3
    },
    {
      "name": "BMW (Original)  MG1CS201 - BX8TUE",
      "type": "folder",
      "has_children": false,
      "item_count": 0,
      "depth": 3
    },
    {
      "name": "BMW 120D DD6.2 EDC16 DAM+OLS",
      "type": "folder",
      "has_children": false,
      "item_count": 4,
      "depth": 3
    },
    {
      "name": "BMW 120d EDC16+ 0 281 011 415",
      "type": "folder",
      "has_children": true,
      "item_count": 1,
      "depth": 3
    },
    {
      "name": "BMW 1er Damos 128i MEVD17.2.5",
      "type": "folder",
      "has_children": false,
      "item_count": 1,
      "depth": 3
    },
    {
      "name": "BMW 320d EDC16 0 281 010 565",
      "type": "folder",
      "has_children": true,
      "item_count": 1,
      "depth": 3
    },
    {
      "name": "BMW 320D EDC16-0281011964 DAM+OLS",
      "type": "folder",
      "has_children": false,
      "item_count": 3,
      "depth": 3
    },
    {
      "name": "BMW 330 edc16",
      "type": "folder",
      "has_children": false,
      "item_count": 3,
      "depth": 3
    },
    {
      "name": "BMW 330 edc16 DAM+OLS",
      "type": "folder",
      "has_children": false,
      "item_count": 3,
      "depth": 3
    },
    {
      "name": "BMW 330d e46 m57 150kw DAM+OLS",
      "type": "folder",
      "has_children": false,
      "item_count": 2,
      "depth": 3
    },
    {
      "name": "BMW 330D EDC15 DAM+OLS",
      "type": "folder",
      "has_children": false,
      "item_count": 4,
      "depth": 3
    },
    {
      "name": "BMW 330D EDC16-0281010314",
      "type": "folder",
      "has_children": false,
      "item_count": 1,
      "depth": 3
    },
    {
      "name": "BMW 330D EDC16-0281010565",
      "type": "folder",
      "has_children": false,
      "item_count": 1,
      "depth": 3
    },
    {
      "name": "BMW 330i MS43",
      "type": "folder",
      "has_children": false,
      "item_count": 2,
      "depth": 3
    },
    {
      "name": "BMW 530 3.0D EDC16",
      "type": "folder",
      "has_children": true,
      "item_count": 1,
      "depth": 3
    },
    {
      "name": "BMW 530D",
      "type": "folder",
      "has_children": false,
      "item_count": 8,
      "depth": 3
    },
    {
      "name": "BMW 530d EDC15",
      "type": "folder",
      "has_children": false,
      "item_count": 2,
      "depth": 3
    },
    {
      "name": "BMW 530d EDC15 0 281 010 314",
      "type": "folder",
      "has_children": false,
      "item_count": 6,
      "depth": 3
    },
    {
      "name": "bmw 530d edc15c",
      "type": "folder",
      "has_children": false,
      "item_count": 7,
      "depth": 3
    },
    {
      "name": "bmw 530d edc15c A2L",
      "type": "folder",
      "has_children": false,
      "item_count": 7,
      "depth": 3
    },
    {
      "name": "BMW 530D EDC16",
      "type": "folder",
      "has_children": false,
      "item_count": 3,
      "depth": 3
    },
    {
      "name": "Bmw 530dols",
      "type": "folder",
      "has_children": true,
      "item_count": 2,
      "depth": 3
    },
    {
      "name": "BMW 535D BoschMe9",
      "type": "folder",
      "has_children": false,
      "item_count": 2,
      "depth": 3
    },
    {
      "name": "BMW 535d EDC16 0 281 011 752",
      "type": "folder",
      "has_children": false,
      "item_count": 2,
      "depth": 3
    },
    {
      "name": "bmw 540i 0261204467 m521",
      "type": "folder",
      "has_children": false,
      "item_count": 2,
      "depth": 3
    },
    {
      "name": "bmw dde6.0 6cyl v96.2",
      "type": "folder",
      "has_children": false,
      "item_count": 2,
      "depth": 3
    },
    {
      "name": "bmw e46 m3 252kw mss54",
      "type": "folder",
      "has_children": false,
      "item_count": 2,
      "depth": 3
    },
    {
      "name": "BMW E53 30D 184Ps",
      "type": "folder",
      "has_children": false,
      "item_count": 1,
      "depth": 3
    },
    {
      "name": "bmw e60 3.0d m57top dde 6.0 __429661",
      "type": "folder",
      "has_children": false,
      "item_count": 1,
      "depth": 3
    },
    {
      "name": "bmw e87 2.0d m47tu2ol dde 6.0 120kw dpf system",
      "type": "folder",
      "has_children": false,
      "item_count": 4,
      "depth": 3
    },
    {
      "name": "BMW E87 2.0d M47TЪ2oL DDE 6.0 120kW",
      "type": "folder",
      "has_children": false,
      "item_count": 1,
      "depth": 3
    },
    {
      "name": "BMW E90 2.0d EDC16C35 0281011964 sw.370888",
      "type": "folder",
      "has_children": false,
      "item_count": 3,
      "depth": 3
    },
    {
      "name": "bmw e90 2.0d m47tu2ol dde 6.0 120kw dpf system",
      "type": "folder",
      "has_children": false,
      "item_count": 3,
      "depth": 3
    },
    {
      "name": "BMW EDC15 E53 X5 3.0D 184HP OLS",
      "type": "folder",
      "has_children": false,
      "item_count": 1,
      "depth": 3
    },
    {
      "name": "BMW EDC15C E39 530D",
      "type": "folder",
      "has_children": false,
      "item_count": 9,
      "depth": 3
    },
    {
      "name": "BMW EDC15C4 E46 330D 186HP",
      "type": "folder",
      "has_children": false,
      "item_count": 1,
      "depth": 3
    },
    {
      "name": "BMW EDC16 DDE6.0",
      "type": "folder",
      "has_children": false,
      "item_count": 2,
      "depth": 3
    },
    {
      "name": "BMW EDC16 DDE6.0 E60 3.0D",
      "type": "folder",
      "has_children": false,
      "item_count": 3,
      "depth": 3
    },
    {
      "name": "BMW EDC16 DDE6.2 120D",
      "type": "folder",
      "has_children": false,
      "item_count": 5,
      "depth": 3
    },
    {
      "name": "BMW EDC16+ DDE6.3 120D",
      "type": "folder",
      "has_children": false,
      "item_count": 2,
      "depth": 3
    },
    {
      "name": "BMW EDC16C31 535D",
      "type": "folder",
      "has_children": false,
      "item_count": 3,
      "depth": 3
    },
    {
      "name": "BMW EDC16C31 E46 3.0D 218HP OLS",
      "type": "folder",
      "has_children": false,
      "item_count": 2,
      "depth": 3
    },
    {
      "name": "BMW EDC16C31 E46 330D OLS",
      "type": "folder",
      "has_children": false,
      "item_count": 1,
      "depth": 3
    },
    {
      "name": "BMW EDC16C31 E87 2.0D",
      "type": "folder",
      "has_children": false,
      "item_count": 3,
      "depth": 3
    },
    {
      "name": "BMW EDC16C35 120D E87 DDE5.0 OLS",
      "type": "folder",
      "has_children": false,
      "item_count": 1,
      "depth": 3
    },
    {
      "name": "BMW EDC16C35 DDE6.0 E90 320D 2.0D",
      "type": "folder",
      "has_children": false,
      "item_count": 3,
      "depth": 3
    },
    {
      "name": "BMW EDC17_CP02 P558",
      "type": "folder",
      "has_children": false,
      "item_count": 2,
      "depth": 3
    },
    {
      "name": "BMW EDC17_CP02 P595",
      "type": "folder",
      "has_children": false,
      "item_count": 3,
      "depth": 3
    },
    {
      "name": "BMW EDC17_CP09 P574 330D",
      "type": "folder",
      "has_children": false,
      "item_count": 4,
      "depth": 3
    },
    {
      "name": "BMW F30 318D EDC17C41 SW523211 143hp OLS",
      "type": "folder",
      "has_children": true,
      "item_count": 1,
      "depth": 3
    },
    {
      "name": "BMW F30-F31  335i Bosch MEVD17.2.G  75Q9E65B- 535516 Original",
      "type": "folder",
      "has_children": false,
      "item_count": 1,
      "depth": 3
    },
    {
      "name": "BMW F30-F31  335i Bosch MEVD17.2.G  75Q9E65B- 535516 Originale",
      "type": "folder",
      "has_children": false,
      "item_count": 1,
      "depth": 3
    },
    {
      "name": "BMW F80-F81-F82-F83 M  3.0 BiTurbo Bosch MEVD17.2.G 538342",
      "type": "folder",
      "has_children": false,
      "item_count": 1,
      "depth": 3
    },
    {
      "name": "BMW I8 (damos) 1.5 MEVD17.2.3",
      "type": "folder",
      "has_children": false,
      "item_count": 1,
      "depth": 3
    },
    {
      "name": "BMW M3 - SIEMENS MSS60",
      "type": "folder",
      "has_children": false,
      "item_count": 1,
      "depth": 3
    },
    {
      "name": "BMW M3.1 E36 325I OLS",
      "type": "folder",
      "has_children": false,
      "item_count": 2,
      "depth": 3
    },
    {
      "name": "BMW M5.2 E34 540I OLS",
      "type": "folder",
      "has_children": false,
      "item_count": 1,
      "depth": 3
    },
    {
      "name": "BMW M5.2 E39 540I",
      "type": "folder",
      "has_children": false,
      "item_count": 3,
      "depth": 3
    },
    {
      "name": "BMW M5.2.1 540I",
      "type": "folder",
      "has_children": false,
      "item_count": 3,
      "depth": 3
    },
    {
      "name": "BMW ME7.2 X5 4.4 V8",
      "type": "folder",
      "has_children": false,
      "item_count": 7,
      "depth": 3
    },
    {
      "name": "BMW ME9",
      "type": "folder",
      "has_children": false,
      "item_count": 4,
      "depth": 3
    },
    {
      "name": "bmw me9 Benzine 4 CYL",
      "type": "folder",
      "has_children": false,
      "item_count": 5,
      "depth": 3
    },
    {
      "name": "BMW ME9 N40",
      "type": "folder",
      "has_children": true,
      "item_count": 3,
      "depth": 3
    },
    {
      "name": "BMW ME9 VALVETRONIC",
      "type": "folder",
      "has_children": false,
      "item_count": 5,
      "depth": 3
    },
    {
      "name": "BMW ME9.2.1 725D",
      "type": "folder",
      "has_children": false,
      "item_count": 2,
      "depth": 3
    },
    {
      "name": "BMW MS42",
      "type": "folder",
      "has_children": true,
      "item_count": 7,
      "depth": 3
    },
    {
      "name": "BMW MS43 330I Z4",
      "type": "folder",
      "has_children": false,
      "item_count": 4,
      "depth": 3
    },
    {
      "name": "BMW MS45 330I E46",
      "type": "folder",
      "has_children": false,
      "item_count": 9,
      "depth": 3
    },
    {
      "name": "BMW MS45 E46",
      "type": "folder",
      "has_children": true,
      "item_count": 8,
      "depth": 3
    },
    {
      "name": "BMW MS45 E46 330i NEW",
      "type": "folder",
      "has_children": true,
      "item_count": 1,
      "depth": 3
    },
    {
      "name": "bmw ms54 e46 m3 (only a2l)",
      "type": "folder",
      "has_children": false,
      "item_count": 1,
      "depth": 3
    },
    {
      "name": "BMW MSD80 335i",
      "type": "folder",
      "has_children": true,
      "item_count": 9,
      "depth": 3
    },
    {
      "name": "BMW MSD80 335i N54 MSD80 #2 - A2L+HEX",
      "type": "folder",
      "has_children": true,
      "item_count": 5,
      "depth": 3
    },
    {
      "name": "BMW MSD85",
      "type": "folder",
      "has_children": true,
      "item_count": 4,
      "depth": 3
    },
    {
      "name": "BMW MSS52-MSS54 M3 E46 342CV",
      "type": "folder",
      "has_children": true,
      "item_count": 6,
      "depth": 3
    },
    {
      "name": "BMW MSS70",
      "type": "folder",
      "has_children": false,
      "item_count": 2,
      "depth": 3
    },
    {
      "name": "BMW MSV70",
      "type": "folder",
      "has_children": false,
      "item_count": 1,
      "depth": 3
    },
    {
      "name": "BMW330D EDC15",
      "type": "folder",
      "has_children": false,
      "item_count": 4,
      "depth": 3
    },
    {
      "name": "BMW730 e65 3d",
      "type": "folder",
      "has_children": false,
      "item_count": 6,
      "depth": 3
    },
    {
      "name": "BMWEDC16 -OLS",
      "type": "folder",
      "has_children": false,
      "item_count": 1,
      "depth": 3
    },
    {
      "name": "BMW_EDC16_0281011762",
      "type": "folder",
      "has_children": true,
      "item_count": 1,
      "depth": 3
    },
    {
      "name": "BMW_edc16_218PS_30d_e60",
      "type": "folder",
      "has_children": false,
      "item_count": 1,
      "depth": 3
    },
    {
      "name": "BMW_F46_118i_GT med17.2.3",
      "type": "folder",
      "has_children": false,
      "item_count": 1,
      "depth": 3
    },
    {
      "name": "BMW_Fxx_40i_MG1CS003_R1C2900BBCEEAB__(Original)(1)",
      "type": "folder",
      "has_children": false,
      "item_count": 1,
      "depth": 3
    },
    {
      "name": "BOSCH EDC17CP09 530D",
      "type": "folder",
      "has_children": false,
      "item_count": 2,
      "depth": 3
    },
    {
      "name": "BOSCH MEV1746 - BMW N20 - 2.0T-184HP",
      "type": "folder",
      "has_children": false,
      "item_count": 1,
      "depth": 3
    },
    {
      "name": "DDE 6.0 6m661411",
      "type": "folder",
      "has_children": false,
      "item_count": 3,
      "depth": 3
    },
    {
      "name": "DDE 6.2 6PP01390",
      "type": "folder",
      "has_children": false,
      "item_count": 5,
      "depth": 3
    },
    {
      "name": "DME8.4",
      "type": "folder",
      "has_children": true,
      "item_count": 1,
      "depth": 3
    },
    {
      "name": "DME8.6",
      "type": "folder",
      "has_children": true,
      "item_count": 1,
      "depth": 3
    },
    {
      "name": "DME8.x",
      "type": "folder",
      "has_children": true,
      "item_count": 2,
      "depth": 3
    },
    {
      "name": "ENG (BMW F10-F11-F18 (Original) - 523206)",
      "type": "folder",
      "has_children": false,
      "item_count": 1,
      "depth": 3
    },
    {
      "name": "Gearbox",
      "type": "folder",
      "has_children": false,
      "item_count": 1,
      "depth": 3
    },
    {
      "name": "M235i_mappack",
      "type": "folder",
      "has_children": false,
      "item_count": 1,
      "depth": 3
    },
    {
      "name": "M3 342cv (only a2l)",
      "type": "folder",
      "has_children": false,
      "item_count": 1,
      "depth": 3
    },
    {
      "name": "ME 7.2",
      "type": "folder",
      "has_children": false,
      "item_count": 1,
      "depth": 3
    },
    {
      "name": "ME 9.2.1",
      "type": "folder",
      "has_children": true,
      "item_count": 8,
      "depth": 3
    },
    {
      "name": "MEV 17.4.6",
      "type": "folder",
      "has_children": false,
      "item_count": 1,
      "depth": 3
    },
    {
      "name": "MEVD 17.2.5",
      "type": "folder",
      "has_children": true,
      "item_count": 6,
      "depth": 3
    },
    {
      "name": "MEVD 17.2.6",
      "type": "folder",
      "has_children": false,
      "item_count": 2,
      "depth": 3
    },
    {
      "name": "MEVD 17.2.8",
      "type": "folder",
      "has_children": false,
      "item_count": 4,
      "depth": 3
    },
    {
      "name": "MEVD 17.2.G",
      "type": "folder",
      "has_children": true,
      "item_count": 3,
      "depth": 3
    },
    {
      "name": "MEVD 17.2.H",
      "type": "folder",
      "has_children": true,
      "item_count": 1,
      "depth": 3
    },
    {
      "name": "MEVD 17.2.U",
      "type": "folder",
      "has_children": false,
      "item_count": 3,
      "depth": 3
    },
    {
      "name": "MEVD17.2.3 BMW I8 (damos) 1.5",
      "type": "folder",
      "has_children": false,
      "item_count": 1,
      "depth": 3
    },
    {
      "name": "MG1 CS003",
      "type": "folder",
      "has_children": true,
      "item_count": 10,
      "depth": 3
    },
    {
      "name": "MG1 CS024",
      "type": "folder",
      "has_children": true,
      "item_count": 1,
      "depth": 3
    },
    {
      "name": "MG1 CS201",
      "type": "folder",
      "has_children": true,
      "item_count": 3,
      "depth": 3
    },
    {
      "name": "MSD 85",
      "type": "folder",
      "has_children": false,
      "item_count": 1,
      "depth": 3
    },
    {
      "name": "MSD80",
      "type": "folder",
      "has_children": true,
      "item_count": 1,
      "depth": 3
    },
    {
      "name": "MSD81",
      "type": "folder",
      "has_children": true,
      "item_count": 1,
      "depth": 3
    },
    {
      "name": "MSD87",
      "type": "folder",
      "has_children": true,
      "item_count": 1,
      "depth": 3
    },
    {
      "name": "MSV90",
      "type": "folder",
      "has_children": true,
      "item_count": 1,
      "depth": 3
    },
    {
      "name": "Siemens MS42",
      "type": "folder",
      "has_children": false,
      "item_count": 1,
      "depth": 3
    },
    {
      "name": "Siemens MS43",
      "type": "folder",
      "has_children": false,
      "item_count": 2,
      "depth": 3
    },
    {
      "name": "Siemens MS45",
      "type": "folder",
      "has_children": false,
      "item_count": 2,
      "depth": 3
    },
    {
      "name": "Siemens MSD80",
      "type": "folder",
      "has_children": true,
      "item_count": 1,
      "depth": 3
    },
    {
      "name": "Siemens MSD81",
      "type": "folder",
      "has_children": true,
      "item_count": 2,
      "depth": 3
    },
    {
      "name": "Siemens MSD85",
      "type": "folder",
      "has_children": false,
      "item_count": 1,
      "depth": 3
    },
    {
      "name": "Siemens MSD87",
      "type": "folder",
      "has_children": true,
      "item_count": 3,
      "depth": 3
    },
    {
      "name": "Siemens MSS54",
      "type": "folder",
      "has_children": false,
      "item_count": 3,
      "depth": 3
    },
    {
      "name": "Siemens MSS70",
      "type": "folder",
      "has_children": false,
      "item_count": 1,
      "depth": 3
    },
    {
      "name": "Siemens MSV90",
      "type": "folder",
      "has_children": true,
      "item_count": 1,
      "depth": 3
    },
    {
      "name": "WinOLS (BMW 3er (Original) - R1C2A008B)",
      "type": "folder",
      "has_children": false,
      "item_count": 1,
      "depth": 3
    },
    {
      "name": "WinOLS (BMW 3er (Original) - R1C2A1E4BCFNAA)",
      "type": "folder",
      "has_children": false,
      "item_count": 1,
      "depth": 3
    },
    {
      "name": "WinOLS (BMW B48 (Original) - MG1CS003_BX8_R1C2A112B)",
      "type": "folder",
      "has_children": false,
      "item_count": 1,
      "depth": 3
    },
    {
      "name": "WinOLS (BMW F12-F13-F06 (Original) - )med17.2.8 4.4 450ps",
      "type": "folder",
      "has_children": false,
      "item_count": 1,
      "depth": 3
    },
    {
      "name": "WinOLS (BMW F30-F31 (Original) - 533959)",
      "type": "folder",
      "has_children": false,
      "item_count": 1,
      "depth": 3
    },
    {
      "name": "WinOLS (BMW F30-F31 (Original) - 533959) med17.2.9",
      "type": "folder",
      "has_children": false,
      "item_count": 1,
      "depth": 3
    },
    {
      "name": "WinOLS (BMW M5 (Original) - H1W1T1Q1)",
      "type": "folder",
      "has_children": false,
      "item_count": 1,
      "depth": 3
    },
    {
      "name": "WinOLS-BMW-7er-Original-002569",
      "type": "folder",
      "has_children": false,
      "item_count": 1,
      "depth": 3
    },
    {
      "name": "ZF 8-Speed 8HP45   BMW_8HPXY_AT50012_Z0BA6800_J680A F25-N47D20O1-EUR-  Original",
      "type": "folder",
      "has_children": false,
      "item_count": 1,
      "depth": 3
    }
  ],
  "depth": 2
}