{
  "name": "CAR",
  "path": "-DAMOS-\\CAR",
  "type": "folder",
  "item_count": 39,
  "items": [
    {
      "name": "1. GEARBOX DAMOS",
      "type": "folder",
      "has_children": true,
      "item_count": 12,
      "depth": 2
    },
    {
      "name": "2. BY ECU",
      "type": "folder",
      "has_children": true,
      "item_count": 4,
      "depth": 2
    },
    {
      "name": "3. ALL",
      "type": "folder",
      "has_children": true,
      "item_count": 31,
      "depth": 2
    },
    {
      "name": "ALFA ROMEO-FIAT-ABARTH-LANCIA",
      "type": "folder",
      "has_children": true,
      "item_count": 47,
      "depth": 2
    },
    {
      "name": "Alpina",
      "type": "folder",
      "has_children": true,
      "item_count": 3,
      "depth": 2
    },
    {
      "name": "Bentley",
      "type": "folder",
      "has_children": true,
      "item_count": 1,
      "depth": 2
    },
    {
      "name": "BMW",
      "type": "folder",
      "has_children": true,
      "item_count": 137,
      "depth": 2
    },
    {
      "name": "Chevrolet",
      "type": "folder",
      "has_children": true,
      "item_count": 3,
      "depth": 2
    },
    {
      "name": "CHRYSLER",
      "type": "folder",
      "has_children": true,
      "item_count": 3,
      "depth": 2
    },
    {
      "name": "CITROEN-PEUGEOT-RENAULT",
      "type": "folder",
      "has_children": true,
      "item_count": 53,
      "depth": 2
    },
    {
      "name": "DACIA",
      "type": "folder",
      "has_children": true,
      "item_count": 3,
      "depth": 2
    },
    {
      "name": "FERRARI",
      "type": "folder",
      "has_children": true,
      "item_count": 4,
      "depth": 2
    },
    {
      "name": "FORD",
      "type": "folder",
      "has_children": true,
      "item_count": 39,
      "depth": 2
    },
    {
      "name": "HONDA",
      "type": "folder",
      "has_children": true,
      "item_count": 8,
      "depth": 2
    },
    {
      "name": "HYUNDAI",
      "type": "folder",
      "has_children": true,
      "item_count": 9,
      "depth": 2
    },
    {
      "name": "JAGUAR",
      "type": "folder",
      "has_children": true,
      "item_count": 7,
      "depth": 2
    },
    {
      "name": "JEEP",
      "type": "folder",
      "has_children": true,
      "item_count": 4,
      "depth": 2
    },
    {
      "name": "KIA",
      "type": "folder",
      "has_children": true,
      "item_count": 7,
      "depth": 2
    },
    {
      "name": "Lamborghini",
      "type": "folder",
      "has_children": true,
      "item_count": 3,
      "depth": 2
    },
    {
      "name": "LAND ROVER",
      "type": "folder",
      "has_children": true,
      "item_count": 8,
      "depth": 2
    },
    {
      "name": "MASERATI",
      "type": "folder",
      "has_children": true,
      "item_count": 6,
      "depth": 2
    },
    {
      "name": "MAZDA",
      "type": "folder",
      "has_children": true,
      "item_count": 1,
      "depth": 2
    },
    {
      "name": "McLaren",
      "type": "folder",
      "has_children": true,
      "item_count": 1,
      "depth": 2
    },
    {
      "name": "MERCEDES",
      "type": "folder",
      "has_children": true,
      "item_count": 46,
      "depth": 2
    },
    {
      "name": "MINI",
      "type": "folder",
      "has_children": true,
      "item_count": 7,
      "depth": 2
    },
    {
      "name": "NISSAN",
      "type": "folder",
      "has_children": true,
      "item_count": 8,
      "depth": 2
    },
    {
      "name": "OPEL",
      "type": "folder",
      "has_children": true,
      "item_count": 38,
      "depth": 2
    },
    {
      "name": "PORSCHE",
      "type": "folder",
      "has_children": true,
      "item_count": 38,
      "depth": 2
    },
    {
      "name": "Renault",
      "type": "folder",
      "has_children": true,
      "item_count": 33,
      "depth": 2
    },
    {
      "name": "SAAB",
      "type": "folder",
      "has_children": true,
      "item_count": 3,
      "depth": 2
    },
    {
      "name": "Sea Doo",
      "type": "folder",
      "has_children": true,
      "item_count": 1,
      "depth": 2
    },
    {
      "name": "SMART",
      "type": "folder",
      "has_children": true,
      "item_count": 10,
      "depth": 2
    },
    {
      "name": "SUBARU",
      "type": "folder",
      "has_children": true,
      "item_count": 1,
      "depth": 2
    },
    {
      "name": "SUZUKI",
      "type": "folder",
      "has_children": true,
      "item_count": 3,
      "depth": 2
    },
    {
      "name": "Toyota",
      "type": "folder",
      "has_children": true,
      "item_count": 1,
      "depth": 2
    },
    {
      "name": "VAG (AUDI,SEAT,VW,SKODA)",
      "type": "folder",
      "has_children": true,
      "item_count": 157,
      "depth": 2
    },
    {
      "name": "VARIOUS",
      "type": "folder",
      "has_children": true,
      "item_count": 8,
      "depth": 2
    },
    {
      "name": "VOLVO",
      "type": "folder",
      "has_children": true,
      "item_count": 11,
      "depth": 2
    },
    {
      "name": "Z-PDF VARIOUS",
      "type": "folder",
      "has_children": false,
      "item_count": 1,
      "depth": 2
    }
  ],
  "depth": 1
}