{
  "name": "Chevrolet",
  "path": "-DAMOS-\\CAR\\Chevrolet",
  "type": "folder",
  "item_count": 3,
  "items": [
    {
      "name": "Chevrolet",
      "type": "folder",
      "has_children": true,
      "item_count": 1,
      "depth": 3
    },
    {
      "name": "Duramax",
      "type": "folder",
      "has_children": false,
      "item_count": 4,
      "depth": 3
    },
    {
      "name": "EDC 17CP18",
      "type": "folder",
      "has_children": false,
      "item_count": 1,
      "depth": 3
    }
  ],
  "depth": 2
}