{
  "name": "CHRYSLER",
  "path": "-DAMOS-\\CAR\\CHRYSLER",
  "type": "folder",
  "item_count": 3,
  "items": [
    {
      "name": "Chrysler Jeep Grand Cherokee WK 3.0 V6 CRD Bosch EDC17_C79  - 559057 Original",
      "type": "folder",
      "has_children": false,
      "item_count": 2,
      "depth": 3
    },
    {
      "name": "Motorola NGC4",
      "type": "folder",
      "has_children": false,
      "item_count": 2,
      "depth": 3
    },
    {
      "name": "WinOLS (RAM Jeep EDC17C49_3.0CRD_Eu5 (Original) - 519861)",
      "type": "folder",
      "has_children": false,
      "item_count": 1,
      "depth": 3
    }
  ],
  "depth": 2
}