{
  "name": "CITROEN-PEUGEOT-RENAULT",
  "path": "-DAMOS-\\CAR\\CITROEN-PEUGEOT-RENAULT",
  "type": "folder",
  "item_count": 53,
  "items": [
    {
      "name": "1.5 DCI - SIEMENS SID306",
      "type": "folder",
      "has_children": true,
      "item_count": 2,
      "depth": 3
    },
    {
      "name": "1.6 DCI 130hp RENAULT - BOSCH EDC17C42",
      "type": "folder",
      "has_children": false,
      "item_count": 3,
      "depth": 3
    },
    {
      "name": "1.6 HDI 2010 - SID807",
      "type": "folder",
      "has_children": false,
      "item_count": 1,
      "depth": 3
    },
    {
      "name": "1.6 HDI EDC16C34",
      "type": "folder",
      "has_children": false,
      "item_count": 2,
      "depth": 3
    },
    {
      "name": "2.0 HDI 2008-09_SID803_FAP",
      "type": "folder",
      "has_children": false,
      "item_count": 4,
      "depth": 3
    },
    {
      "name": "3.0 HDI 240hp PEUGEOT-CITROEN  - BOSCH EDC17CP11",
      "type": "folder",
      "has_children": false,
      "item_count": 3,
      "depth": 3
    },
    {
      "name": "3.0 V6 ME7.4.5",
      "type": "folder",
      "has_children": false,
      "item_count": 2,
      "depth": 3
    },
    {
      "name": "Citroen DS4 1.6HDI 112cv SID807",
      "type": "folder",
      "has_children": false,
      "item_count": 2,
      "depth": 3
    },
    {
      "name": "Delphi DCM3.5",
      "type": "folder",
      "has_children": false,
      "item_count": 1,
      "depth": 3
    },
    {
      "name": "EDC 15",
      "type": "folder",
      "has_children": false,
      "item_count": 1,
      "depth": 3
    },
    {
      "name": "EDC 17CP11",
      "type": "folder",
      "has_children": false,
      "item_count": 1,
      "depth": 3
    },
    {
      "name": "EDC 17CP42",
      "type": "folder",
      "has_children": false,
      "item_count": 1,
      "depth": 3
    },
    {
      "name": "EDC16CP33 RENAULT 2.0 DCI",
      "type": "folder",
      "has_children": false,
      "item_count": 1,
      "depth": 3
    },
    {
      "name": "ME 7.4.4",
      "type": "folder",
      "has_children": false,
      "item_count": 1,
      "depth": 3
    },
    {
      "name": "ME 7.4.5",
      "type": "folder",
      "has_children": false,
      "item_count": 1,
      "depth": 3
    },
    {
      "name": "PEUGEOT",
      "type": "folder",
      "has_children": true,
      "item_count": 4,
      "depth": 3
    },
    {
      "name": "Peugeot 308 1.2T Puretech Valeo VD46",
      "type": "folder",
      "has_children": false,
      "item_count": 3,
      "depth": 3
    },
    {
      "name": "PEUGEOT CITROEN VOLVO FORD SID807 1.6 HDI 110HP OLS",
      "type": "folder",
      "has_children": false,
      "item_count": 1,
      "depth": 3
    },
    {
      "name": "PEUGEOT DELPHI DCM3.4 308 2.0 HDI",
      "type": "folder",
      "has_children": false,
      "item_count": 3,
      "depth": 3
    },
    {
      "name": "PEUGEOT MED17.4.2 1.6 TURBO 150CH",
      "type": "folder",
      "has_children": false,
      "item_count": 6,
      "depth": 3
    },
    {
      "name": "PEUGEOT SID803A 407 2.0HDI 100kW",
      "type": "folder",
      "has_children": false,
      "item_count": 2,
      "depth": 3
    },
    {
      "name": "PEUGEOT-CITROEN-LANCIA 2.0 JTD 110cv FAP EDC15",
      "type": "folder",
      "has_children": false,
      "item_count": 2,
      "depth": 3
    },
    {
      "name": "Peugeot_308_(Original)__DCM6_2_1MPSAAPP_F140D12_portage_6H2D_2Ek8B_3A7OB_1MPSABMG_A020D11_1MPSAAPP_F140D12",
      "type": "folder",
      "has_children": false,
      "item_count": 1,
      "depth": 3
    },
    {
      "name": "PSA   1.6 Valeo  V46-",
      "type": "folder",
      "has_children": false,
      "item_count": 2,
      "depth": 3
    },
    {
      "name": "PSA 1.6 HDI TDCI  110HP - Bosch EDC16C34",
      "type": "folder",
      "has_children": true,
      "item_count": 1,
      "depth": 3
    },
    {
      "name": "PSA 1.6HDI 92HP - EDC17C10",
      "type": "folder",
      "has_children": false,
      "item_count": 1,
      "depth": 3
    },
    {
      "name": "PSA 1.6THP 150hp - MED17.4",
      "type": "folder",
      "has_children": false,
      "item_count": 1,
      "depth": 3
    },
    {
      "name": "PSA Peugeot 1.6HDI 110HP  EDC17C60 (1)",
      "type": "folder",
      "has_children": false,
      "item_count": 1,
      "depth": 3
    },
    {
      "name": "PSA Peugeot 1.6HDI 110HP  EDC17C60 (1)(1)",
      "type": "folder",
      "has_children": false,
      "item_count": 1,
      "depth": 3
    },
    {
      "name": "RENAULT",
      "type": "folder",
      "has_children": true,
      "item_count": 7,
      "depth": 3
    },
    {
      "name": "Renault Clio IV 1.2tce (Original) - RDB2171000000",
      "type": "folder",
      "has_children": false,
      "item_count": 1,
      "depth": 3
    },
    {
      "name": "Renault CLIO valeo V50",
      "type": "folder",
      "has_children": true,
      "item_count": 1,
      "depth": 3
    },
    {
      "name": "RENAULT DELPHI CLIO 1.5 DCI TRAFFIC 115DCI",
      "type": "folder",
      "has_children": false,
      "item_count": 3,
      "depth": 3
    },
    {
      "name": "RENAULT DELPHI DCM",
      "type": "folder",
      "has_children": false,
      "item_count": 2,
      "depth": 3
    },
    {
      "name": "RENAULT DELPHI DCM1-2 15DCI",
      "type": "folder",
      "has_children": false,
      "item_count": 2,
      "depth": 3
    },
    {
      "name": "Renault EDC17 2.0DCI and 1.6DCI edc17C42, EDC17C19",
      "type": "folder",
      "has_children": true,
      "item_count": 3,
      "depth": 3
    },
    {
      "name": "RENAULT FULL",
      "type": "folder",
      "has_children": true,
      "item_count": 26,
      "depth": 3
    },
    {
      "name": "Renault Master III 2.3dci SID309 - R886020000000",
      "type": "folder",
      "has_children": false,
      "item_count": 1,
      "depth": 3
    },
    {
      "name": "Renault Megane III 1.5DCI SID307 RF73155000000",
      "type": "folder",
      "has_children": false,
      "item_count": 1,
      "depth": 3
    },
    {
      "name": "RENAULT SAGEM3000 MEGANE RS",
      "type": "folder",
      "has_children": true,
      "item_count": 3,
      "depth": 3
    },
    {
      "name": "Renault Traffic sid310",
      "type": "folder",
      "has_children": false,
      "item_count": 1,
      "depth": 3
    },
    {
      "name": "Renault Twingo 0.9 TCE 90hp Bosch ME17.9.20",
      "type": "folder",
      "has_children": false,
      "item_count": 1,
      "depth": 3
    },
    {
      "name": "RenaultClio_IV1_5_DCI ENGLISH",
      "type": "folder",
      "has_children": false,
      "item_count": 1,
      "depth": 3
    },
    {
      "name": "Renault_2.0_DCI_EDC17CP19_a2l_hex",
      "type": "folder",
      "has_children": true,
      "item_count": 1,
      "depth": 3
    },
    {
      "name": "Renault_Megane_III_1.2__16V_TCe_EMS3155_237108770R__(Original)",
      "type": "folder",
      "has_children": false,
      "item_count": 1,
      "depth": 3
    },
    {
      "name": "Renault_Megane_III_2.0__16V_TCe_EMS3155_RD9A2B2000000__(191kw_260cv)",
      "type": "folder",
      "has_children": false,
      "item_count": 1,
      "depth": 3
    },
    {
      "name": "Renault_Megane_III_RS_250_EMS3110_RD9A197000000__(Original)",
      "type": "folder",
      "has_children": false,
      "item_count": 1,
      "depth": 3
    },
    {
      "name": "Renaut Clio IV RS 200 Siemens EMS3150 237103333R RDB2160300000",
      "type": "folder",
      "has_children": false,
      "item_count": 1,
      "depth": 3
    },
    {
      "name": "SID310_Renault Megane III - RFE54000)",
      "type": "folder",
      "has_children": false,
      "item_count": 1,
      "depth": 3
    },
    {
      "name": "Siemens SID807",
      "type": "folder",
      "has_children": false,
      "item_count": 2,
      "depth": 3
    },
    {
      "name": "Valeo VD46",
      "type": "folder",
      "has_children": false,
      "item_count": 1,
      "depth": 3
    },
    {
      "name": "WinOLS (Peugeot 206 (Original) - )iaw6",
      "type": "folder",
      "has_children": false,
      "item_count": 1,
      "depth": 3
    },
    {
      "name": "WinOLS (Peugeot DCM6.2c (Original) - Z1MPSAAPP_F120D11)",
      "type": "folder",
      "has_children": false,
      "item_count": 1,
      "depth": 3
    }
  ],
  "depth": 2
}