{
  "name": "CM2150",
  "path": "- ECFG ECM -\\CM2150",
  "type": "folder",
  "item_count": 15,
  "items": [
    {
      "name": "BAD",
      "type": "folder",
      "has_children": false,
      "item_count": 11,
      "depth": 2
    },
    {
      "name": "BAE",
      "type": "folder",
      "has_children": false,
      "item_count": 11,
      "depth": 2
    },
    {
      "name": "BAF",
      "type": "folder",
      "has_children": false,
      "item_count": 12,
      "depth": 2
    },
    {
      "name": "BAH",
      "type": "folder",
      "has_children": false,
      "item_count": 13,
      "depth": 2
    },
    {
      "name": "BAI",
      "type": "folder",
      "has_children": false,
      "item_count": 11,
      "depth": 2
    },
    {
      "name": "BAK",
      "type": "folder",
      "has_children": false,
      "item_count": 1,
      "depth": 2
    },
    {
      "name": "BAM",
      "type": "folder",
      "has_children": false,
      "item_count": 1,
      "depth": 2
    },
    {
      "name": "BAR",
      "type": "folder",
      "has_children": false,
      "item_count": 3,
      "depth": 2
    },
    {
      "name": "BBV",
      "type": "folder",
      "has_children": false,
      "item_count": 2,
      "depth": 2
    },
    {
      "name": "BBW",
      "type": "folder",
      "has_children": false,
      "item_count": 2,
      "depth": 2
    },
    {
      "name": "BBX",
      "type": "folder",
      "has_children": false,
      "item_count": 3,
      "depth": 2
    },
    {
      "name": "BBY",
      "type": "folder",
      "has_children": false,
      "item_count": 1,
      "depth": 2
    },
    {
      "name": "BEH",
      "type": "folder",
      "has_children": false,
      "item_count": 1,
      "depth": 2
    },
    {
      "name": "BEI",
      "type": "folder",
      "has_children": false,
      "item_count": 2,
      "depth": 2
    },
    {
      "name": "BEU",
      "type": "folder",
      "has_children": false,
      "item_count": 2,
      "depth": 2
    }
  ],
  "depth": 1
}