{
  "name": "CM2180",
  "path": "- ECFG ECM -\\CM2180",
  "type": "folder",
  "item_count": 3,
  "items": [
    {
      "name": "BAG",
      "type": "folder",
      "has_children": false,
      "item_count": 45,
      "depth": 2
    },
    {
      "name": "BCM",
      "type": "folder",
      "has_children": false,
      "item_count": 13,
      "depth": 2
    },
    {
      "name": "BCW",
      "type": "folder",
      "has_children": false,
      "item_count": 16,
      "depth": 2
    }
  ],
  "depth": 1
}