{
  "name": "CM2240",
  "path": "- ECFG ECM -\\CM2240",
  "type": "folder",
  "item_count": 5,
  "items": [
    {
      "name": "BAF",
      "type": "folder",
      "has_children": false,
      "item_count": 2,
      "depth": 2
    },
    {
      "name": "BBV",
      "type": "folder",
      "has_children": false,
      "item_count": 6,
      "depth": 2
    },
    {
      "name": "BBW",
      "type": "folder",
      "has_children": false,
      "item_count": 18,
      "depth": 2
    },
    {
      "name": "BBX",
      "type": "folder",
      "has_children": false,
      "item_count": 10,
      "depth": 2
    },
    {
      "name": "BBY",
      "type": "folder",
      "has_children": false,
      "item_count": 3,
      "depth": 2
    }
  ],
  "depth": 1
}