{
  "name": "CM2220",
  "path": "- ECFG ECM -\\CM2220",
  "type": "folder",
  "item_count": 6,
  "items": [
    {
      "name": "BBH",
      "type": "folder",
      "has_children": false,
      "item_count": 12,
      "depth": 2
    },
    {
      "name": "BBI",
      "type": "folder",
      "has_children": false,
      "item_count": 11,
      "depth": 2
    },
    {
      "name": "BBK",
      "type": "folder",
      "has_children": false,
      "item_count": 8,
      "depth": 2
    },
    {
      "name": "BBM",
      "type": "folder",
      "has_children": false,
      "item_count": 7,
      "depth": 2
    },
    {
      "name": "BDM",
      "type": "folder",
      "has_children": false,
      "item_count": 3,
      "depth": 2
    },
    {
      "name": "BDN",
      "type": "folder",
      "has_children": false,
      "item_count": 10,
      "depth": 2
    }
  ],
  "depth": 1
}