{
  "name": "CM2250",
  "path": "- ECFG ECM -\\CM2250",
  "type": "folder",
  "item_count": 13,
  "items": [
    {
      "name": "BBN",
      "type": "folder",
      "has_children": false,
      "item_count": 21,
      "depth": 2
    },
    {
      "name": "BBO",
      "type": "folder",
      "has_children": false,
      "item_count": 17,
      "depth": 2
    },
    {
      "name": "BBP",
      "type": "folder",
      "has_children": false,
      "item_count": 17,
      "depth": 2
    },
    {
      "name": "BBQ",
      "type": "folder",
      "has_children": false,
      "item_count": 14,
      "depth": 2
    },
    {
      "name": "BBR",
      "type": "folder",
      "has_children": false,
      "item_count": 1,
      "depth": 2
    },
    {
      "name": "BBS",
      "type": "folder",
      "has_children": false,
      "item_count": 2,
      "depth": 2
    },
    {
      "name": "BBZ",
      "type": "folder",
      "has_children": false,
      "item_count": 28,
      "depth": 2
    },
    {
      "name": "BCC",
      "type": "folder",
      "has_children": false,
      "item_count": 9,
      "depth": 2
    },
    {
      "name": "BCZ",
      "type": "folder",
      "has_children": false,
      "item_count": 1,
      "depth": 2
    },
    {
      "name": "BDG",
      "type": "folder",
      "has_children": false,
      "item_count": 10,
      "depth": 2
    },
    {
      "name": "BDI",
      "type": "folder",
      "has_children": false,
      "item_count": 1,
      "depth": 2
    },
    {
      "name": "BDJ",
      "type": "folder",
      "has_children": false,
      "item_count": 1,
      "depth": 2
    },
    {
      "name": "BFT",
      "type": "folder",
      "has_children": false,
      "item_count": 5,
      "depth": 2
    }
  ],
  "depth": 1
}