{
  "name": "CM2200",
  "path": "- ECFG ECM -\\CM2200",
  "type": "folder",
  "item_count": 12,
  "items": [
    {
      "name": "AAL",
      "type": "folder",
      "has_children": false,
      "item_count": 13,
      "depth": 2
    },
    {
      "name": "AAM",
      "type": "folder",
      "has_children": false,
      "item_count": 12,
      "depth": 2
    },
    {
      "name": "AAN",
      "type": "folder",
      "has_children": false,
      "item_count": 15,
      "depth": 2
    },
    {
      "name": "AAO",
      "type": "folder",
      "has_children": false,
      "item_count": 17,
      "depth": 2
    },
    {
      "name": "AAP",
      "type": "folder",
      "has_children": false,
      "item_count": 18,
      "depth": 2
    },
    {
      "name": "AAQ",
      "type": "folder",
      "has_children": false,
      "item_count": 12,
      "depth": 2
    },
    {
      "name": "AAR",
      "type": "folder",
      "has_children": false,
      "item_count": 12,
      "depth": 2
    },
    {
      "name": "BAJ",
      "type": "folder",
      "has_children": false,
      "item_count": 9,
      "depth": 2
    },
    {
      "name": "BAK",
      "type": "folder",
      "has_children": false,
      "item_count": 9,
      "depth": 2
    },
    {
      "name": "BAL",
      "type": "folder",
      "has_children": false,
      "item_count": 10,
      "depth": 2
    },
    {
      "name": "BBW",
      "type": "folder",
      "has_children": false,
      "item_count": 1,
      "depth": 2
    },
    {
      "name": "BCA",
      "type": "folder",
      "has_children": false,
      "item_count": 24,
      "depth": 2
    }
  ],
  "depth": 1
}