{
  "name": "CM850",
  "path": "- ECFG ECM -\\CM850",
  "type": "folder",
  "item_count": 20,
  "items": [
    {
      "name": "AAL",
      "type": "folder",
      "has_children": false,
      "item_count": 4,
      "depth": 2
    },
    {
      "name": "AAM",
      "type": "folder",
      "has_children": false,
      "item_count": 4,
      "depth": 2
    },
    {
      "name": "AAN",
      "type": "folder",
      "has_children": false,
      "item_count": 8,
      "depth": 2
    },
    {
      "name": "AAO",
      "type": "folder",
      "has_children": false,
      "item_count": 7,
      "depth": 2
    },
    {
      "name": "AAP",
      "type": "folder",
      "has_children": false,
      "item_count": 8,
      "depth": 2
    },
    {
      "name": "AAQ",
      "type": "folder",
      "has_children": false,
      "item_count": 6,
      "depth": 2
    },
    {
      "name": "AAR",
      "type": "folder",
      "has_children": false,
      "item_count": 9,
      "depth": 2
    },
    {
      "name": "ABC",
      "type": "folder",
      "has_children": false,
      "item_count": 1,
      "depth": 2
    },
    {
      "name": "BAC",
      "type": "folder",
      "has_children": false,
      "item_count": 1,
      "depth": 2
    },
    {
      "name": "BAJ",
      "type": "folder",
      "has_children": false,
      "item_count": 4,
      "depth": 2
    },
    {
      "name": "BAK",
      "type": "folder",
      "has_children": false,
      "item_count": 2,
      "depth": 2
    },
    {
      "name": "BAL",
      "type": "folder",
      "has_children": false,
      "item_count": 3,
      "depth": 2
    },
    {
      "name": "BAO",
      "type": "folder",
      "has_children": false,
      "item_count": 3,
      "depth": 2
    },
    {
      "name": "BAQ",
      "type": "folder",
      "has_children": false,
      "item_count": 4,
      "depth": 2
    },
    {
      "name": "BAY",
      "type": "folder",
      "has_children": false,
      "item_count": 5,
      "depth": 2
    },
    {
      "name": "BBA",
      "type": "folder",
      "has_children": false,
      "item_count": 4,
      "depth": 2
    },
    {
      "name": "E2I",
      "type": "folder",
      "has_children": false,
      "item_count": 3,
      "depth": 2
    },
    {
      "name": "P1I",
      "type": "folder",
      "has_children": false,
      "item_count": 3,
      "depth": 2
    },
    {
      "name": "P2I",
      "type": "folder",
      "has_children": false,
      "item_count": 4,
      "depth": 2
    },
    {
      "name": "XXX",
      "type": "folder",
      "has_children": false,
      "item_count": 14,
      "depth": 2
    }
  ],
  "depth": 1
}